HDATE,CRSCRUB250,LABC-004,NY0115,CRMR250,NE1102042,BWMS2TPL50,LAS-001,NY2182,CRRAS250,GAGRA0006,NY2177,BWDISHLTM500,LAB-012,GAGRA0369,MGSD20973,NY2161,GAGRA0071,NE1103067,NY2198,NY2221,NY2171,NE1221001,CRSP400,NY1663,NY2237,LAC-006,LAL-005,LAB-00,BWFWLTM500,NY0305,BWMS2TPL300,NY2346,NY2710,LAS-002,NY2715,ER01BLCNR,NY0314,CRSV400,LAS-010,NE1103068,UK4582328104234,NY0356,NY2368,MGFM11210,NY2183,NY2032,RAAB0013A,MGCC60509,NE1221002,NY2165,LAC-014,NE1101168,NY1402,BLC008G,BWFWTPL500,LR10012,LAL-013,NY1312,MGFM10210,UK4582328104500,ER10SMONR,1B050010,MGPO901,NY1513,LAS-020,RAAB0001A,UK4582328104654,NE1102039,ER01DCR25R,NE1103072,CRSP250,LAS-021,GAGRA0050,ER01TMRNR,NY1301,LE463034,BWBSTPL500,NY0677,BWFWSPR500,NY0114,NY1661,ER10MBBNR,NY2176,ER10SMCR,LAS-003,BLB001,NE1103073,ER14LB2NR,ER10ONBNR,GAGRA0087,NE1101169,BA5055479084810,EE50763,NE14315,NE1221003,NY2172,MGHW218250,ER01BCRR,NY2369,LASMS-014,MGSD20901,BWBSSPR500,NY2164,UK4582328108119,1B015010,BWBSLTM500,OM10801,NY2711,NY0094,NY2155,BWSASNL125,BA5055479083867,BA5055479087187,NY2240,NY2362,LE463058,LR10611,NY1520,LASMS-021,BWMS2TPL50C,OM13701,NY1401,NY1516,LR11081,RAAB0054,NY0311,NY2175,NY2370,NY1797,RE3846,NY7095,GAGRA0013,CRCDJ100,NY2181,NE1103069,NY2748,NY2384,NY2236,GAGRA0186,ER14LB1NR,MGHS30016,NE1101163,NY0716,NY0046,CRSV250,CRDV250,NE1222001,NY0676,NE1103071,NY2179,NY2186,ER01LOTR,GAGRA0075,BWLWTPL500,LR11046,NY0014,NE1222002,NY0326,GAGRA0018,NY2185,NE1210008,CRSH250,GAGRA0156,NY2200,GAGRA0173,UK4582328104647,LR11082,NY2381,LBLBMP006,BA5055479042674,GAGRA0003,GAGRA0183,UK4582328104609,NY0570,NE1101164,UK4582328104517,ABSO-20,NY2168,RAAB0059,LALABO-ROSE,NY0520,UK4582328104678,MGFC10008,NY2170,APAD04-SO,NE1101172,NY2709,ER01BOINR,NY0159,BLP002C,BA5055479083865,NE1202035,NY2173,CRCC250,NY0552,LAB-008,1B050003,RAAB0068,LR10609,NY0554,CRSR400,SF03JASMINEW,GAGRG0135,UK4582328108126,EH0921B,BWBWSPR500,LR10610,SF03JASMINEC,NY2805,NY2199,APAD12-IF,LAS-019,GAGRA0248,LBLBMP032,CRBV150,ABSO-32,NY1307,RAAB0089,BWDWPL500,GAGRA0042,BWBWLTM500,NY2303,APAD13-P,NY8250,NY2415,ER01BAW16CR,NE1104001,NY1419,NY0572,SF03MIAW,GAGRA0020,NY2419,NY2135,NY0048,NE1202036,ER01LOT16R,RAAB0003A,BWBWTPL500,BWDDWPL100,LR10513,NY0538,NY1640,1B050011,BWGSSPR500,NE1101170,NY2749,1B050008,NY7096,GAGRA0220,1B050044,NY8253,NY8252,NY2206,NY1533,1B015044,BA5055479042698,UK4582328104715,NE1101173,EE50173,LBLBMP005,NE1210009,GAGRA0004,NE1102063,CRRASMEN250,1B050007,NY0721,UK4582328104692,NY2230,NY0512,NY2229,BWBBPBCP100,1B015003,NY2180,BA5055479083836,NY1655,APAF03-IF,LR10001,NY0569,NY0785,LE463003,ABSO-33,NY0081,ER01BAWCR,BWKSPL150,EH0940,MGCM60009,BWBBWBCP250,GAGRA0005,NY0654,1B050020,EH0912A,RE4556,UK4582328104685,NY2802,RAAB0002A,RE3705A,ABSO0023,NY2712,CRMH200,ER01SCBNR,LR11022,BA5055291784783,NE1207006,RE32294,LAS-014,UK4582328108447,NY0898,JA71SP226FUX,NY0830,RE44291,NY2143,ER14RFBNR,LR11023,BWHSTPL300,MGHS30008,NY2224,NY1540,NY2204,MGBS20475,1B050002,RE4410,NY2231,GAGRA0217,BWSOAPFS100,NY0534,EH0910A,RAAB0069,CRSR250,LR11076,1B015007,LR11045,EH1014,RE31375,RE4224,CRBH150,10HPROLLER,NY3700,CRSBC250,RE30894,NY2310,EH0908C,ER10MRONR,NY2713,NE1101174,UK4582328108133,ABSO-26,GAGRA0049,MGST11612,NY5212,NE1101167,LBLBMP003,EH0969,GAGRA0012,NE1221004,1B300056,NE1214005,LE463348,1B000135,UK4582328104661,RAAB0055,LR10303,GAGRA0048,NY0670,ER01BSOR,BWFVWNC500,NY2167,NY0828,NY1531,EH0952A,LBLBMD006,GAGRA0068,1B015008,NE1103074,NE1221011,RE3609,BA5055479056480,RAAB0014A,NY2166,LR10224,RE30815,NY1418,NE1103070,MGFM10704,EH0911,1B150096,LALABO-SANTAL,GAGRA0033,EE00173,BWYMSTPL150,RE30344,BWDELIBCP500,NY2226,BLA029,EH0903A,BA5055479083842,GAGRA0001,NY2037,NY0826,LR11024,RE3702A,CRGDP250,NY0151,NY2207,LR11053,NY2407,NE1101165,LE463041,NY7173,NY0010,CRMBC250,UK4582328108102,LR10640,LBLBMD032,LAS-008,MGFM10104,MHTTBL01,GAGRA0030,RE44411,NY0097,ABSO-17OIL,UK4582328108140,NE1214006,NY0070,GAGRA0019,LR10574,NY0561,RE33862,NY2163,NY1542,NE1201024,BWSACNL100,BA5055479083840,1B015002,RE3706A,NY2801,NY2205,ABSO-0EAU,ER15FIONR,JASP94N,NY2184,LE463362,LBLBMP039,BA5055479088948,1B050004,ABSO-0030,APAF04-IF,MHRSHC01,BA5055479059504,GAGRA0085,MGBL219250,NY1665,GAGRA0082,NY1608,BA5055479083846,BA5055479088931,RE3704A,NY0835,NE1221009,NY1649,MHROLLTT002,NY2174,NE1101177,NY1647,NE1101175,EH0967,LR11035,ILLC02B,LR11052,LR10575,RE3380A,NY2404,LR11054,NY0035,LR11100,ABSO0012,MGCR60109,LR10980,LR10510,MHTT065,NY2804,NE1209024,BWBBLBCP250,BLC008R,OM15101,NY2803,ILLC01B,NY0693,NY8356,LR11061,GAGRA0024,1B015031,BWSOAPBCP100,LR11051,GAGRA0330,ILESSIX02B,NY0902,EH0946A,MHTTBW01,LBLBMP008,NY2391,LBLBMP037,10HPSB008,LR11066,NE1221008,NY0827,NY4909,BA5055479059528,LR10633,Abso0012,NY1799,LR10978,LR10631,OM10501,GAGRA0039,BA5055479042704,APAD01-S,BA5055479086258,1B050033,GAGRA0032,GAGRA0007,LBLBMP038,NY8357,ABSO0031,RE4581,NY2233,RAAB0075,APAD07-B,GAGRA0263,RE3709A,BA5055479059535,OM14801,GAGRA0314,NY2201,LR10171,MHROLLRS001,LR10509,EH0909,NY2500,MGHW20916,MGCL61109,1B999056,MHLMHC01,ILTPJAR01B,BA5055479083837,UK4582328108317,ILCBLS04B,NY0088,NY0193,LE463386,ILCBLS03B,NE1202052,JA71SP226GIA,OM14701,ABSO0021,1B150097,BA5055479042681,LR10576,GAGRA0063,UK4582328108461,RE4042,ABSO0041,ABSO0036,NE1209023,NY0701,NY2008,NY0868,BA5055479088924,NY2202,1B050031,OM17201,NY0829,MGHW208250,LR10164,OM16901,NY0063,1B015033,LR10223,GAGRA0311,ER03DEONR,BA5055291784769,LR10572,ILSF15B,LBLBMD003,LR10634,NE1221012,GAGRA0022,ILCBLS06B,LR10165,BA5055479071544,NY2501,ABSO1005,UK4582328110563,JA71SP226TSE,BWBBBBCP100,ER10QEANR,BA5055479083844,BWSOAPTPL100,MHTTSP01,OM17101,MHTTHW01,BA5055479083838,NE1101171,LR11058,LR10516,RE4195,NY0994,LR10635,RE4355,ILCBLS14B,OM17001,OM17701,MGFC51950,10HPWARMERL,GAGRA0064,UK4582328108249,RE3385A,NY7419,OM17901,ABSO-15MREP,LR11032,APAD06-VR,LR11077,NE1210014,MHRSBW01,LR10502,MGHC30108,NE1230001,UK4582328108300,JASP95N,NY8359,NY0980,LBLBMD005,ER03DEJNR,NE1101166,BA5055285771782,NE1209026,NE1219011,1B150098,MGHW207250,NY2213,NY2209,MHTT001,LR10085,LBLBMS003,NE1101253,LR11040,ABSO-2CFN,RE3708A,NY0068,LR10162,BA5055291784752,RE4764,ABSO0043,NY2203,BA5055479083843,ILSF01B,RE3694A,ILCH04B,ABSO1006,ILCBLS15B,ILCBLS02B,LR11171,GAGRG0149,MHRSBC01,MGFC51850,BA5055479042735,OM16501,JA71SP226ARA,OM13911,ABSO0082,NE1230002,NE1221014,NY0181,UK4582328108225,LR10309,UK4582328100014,NE1221013,RE4557,NY1052,OM13811,NE1207007,OM13401,ILCH02B,OM19201,MGHW20316,OM18301,MHLOSBW01,MGCO60309,LR11036,LBLBMD037,NY2430,LBLBMS012,MHROLLLD003,MHTTHL01,GAGRA0356,MHWANBW01,LR10166,MHLMBW01,NY4914,EH1030,OM10901,OK0008,LBLBMD039,NY8362,OK0005,ABSO-1CFJ,MHRS065,LR10546,BA5055479083835,JASP65N,APAF07-IF,ABSO0034,NY1544,ABSO1004,MGHW20116,NY2411,NY1050,ILCBLS01B,ILCH01B,NY1051,LR10625,EH0978,ILTSSC15B,ILEP01B,NE1203012,MHWANSP01,BA5055479059580,UK4582328104616,ILPS01B,NE1203011,NE1219014,MGFM12815,UK4582328108294,MHLOSSP01,ABSO0044,MHENBW01,APAF16-BR,OM11401,RAAB0103,ILTSSC02B,MHRSSP01,ABSO0042,LBLBMD038,LR10308,ILCH05B,LR10641,MHLMSP01,BA5055291784776,MGHW201250,UK4582328100021,UK02000058,MHLMBL01,NE1219013,UK4582328100038,ILSF02B,RAAB0085,ILTSSC01B,JASP63N,LR10553,LR10554,MHHIDSP01,APAD05-CA,NE1209025,CV001,NE1202038,MHRS001,MHCAD120,APAD02-J,LR10636,BA5055291731701,OM14611,UK03000006,MHCDJ665,UK4582328108287,LBLBMS039,UK4582328108454,ILCLLE01B,NY0881,OM16411,OM17601,OM16301,UN001,NE1203010,ILESSIX01B,MHENSP01,MHCDJ601,LR10161,ABSO0038,UK4582328108263,LR10559,1B300154,MGFC51203,OM15401,MHLD001,UK4582328108256,NY2417,NE1212016,NY1000,UK03000007,ILCH03B,BA5055479042667,BA5055291731688,UK4582328108232,LBLBMD008,TOLT06021,ABSO1007,BA5055479083841,ILMS08B,ILLM01B,ILEB03B,LR11083,MGCS61009,MGBM20016,OM17801,HIXMASSET,ILCBLS05B,UK4582328108584,MHHIDBW01,LR11047,MGFM13150,MHPDS665,10HPWARMERLBL,GAGRA0355,LR10996,LR11017,OK0006,TOLT06162,TOLT06152,MHNAR110,NY6882,MHLPFT665,MHLD065,NY6070,RE4767,MHEN065,ILCLGL02B,NE1201027,MGHW203250,OM14501,MHLM001,1B150148,OT100001,ILEB02B,ILMS01B,TOLT06115,JASP47MNBIA,NY6890,NY1024,HEGEN001,ILCBLS09B,TOLT06128,OK0007,GAGRA0372,ILCBLS13B,NA006W,LR11161,LR10986,MHVER100,ILMS05B,ORIM008,OM19501,CRCC500,ILLL01B,ILMS07B,ILSF03B,ILTSSC25B,DD4589604448068,HIVALENTINESET,LR10522,MHLPFT601,MHLM065,MHLIB601,BWLWTPL1L,TOLT06101,TOLT06011,OT100037,YOSHII003G,10HPWARMERS,YOSHII002R,ORIM029,LR11018,BA5055479087163,OT100009,MHMOS130,ILCBLS11B,ILCLGL01B,ILEB01B,ILLL03B,NY6891,UK4582328108270,NY6071,YOSHII003B,YOSHII005R,OM15301,MHLIB201,LR10558,MHVI001,CRHL150,MHEN001,ILCBLS07B,ILTSSC03B,MHLIB101,ILMS04B,BA5055479048935,BA5055479042650,MHAR601,ORIM028,ILSF35B,YOSHII002B,LR11164,NA005B,YOSHII005B,ILLL02B,RE4536,BA5055479087422,BA5055479087156,ORIM021G,ORIM022W,OT100023,PLANTIA005D,HOPEKITB,HOEPKITA,1B999154,OK0001,NY6881,GAGRA0370
2017/01,5,,,5,,,2,,,3,,,3,,,1,,3,1,,1,,,2,,4,,1,,,,3,1,,4,,1,,,,3,,,2,1,1,,,,2,2,2,,,,,1,2,4,,,,,,2,,,1,,1,1,1,,,,,,,1,,2,,,,1,,,,,,1,,,,,1,,,,,,1,,,,,,1,,1,,,,,,,,1,1,,,,,,,1,,,,,2,1,,,,,,,,,,1,,1,,,,,,,,,1,,,,,,,1,1,,,,,,,,,,1,,,,1,,1,,,,,,,1,2,1,1,,,,,,,,1,,,,,,,,,,,,,,,,1,,,,,2,,,,,3,1,2,,,,,,,1,,,1,,,,,,,,1,,,,,,,,,,1,,,,,1,,,,,,1,,,,,,,,,,,,,,,,,,,,1,,,,,,1,1,,,,,,,,,1,,,,,,,,,,,,,,,,,,,,,,,,,,,,,,,,,,,1,,,,1,,,,,,,,,,,,,,,,,,,,,,,,,,,,,1,,,,,,,,,1,,,,,,,,,,,,1,,,1,,,,,,,1,,,,,,,,,,,,,,,,,1,,,,,,,,,,1,,,1,,,,,,,,,1,,,,,,,,,,2,,,,,,,,,,,,,1,,,,,2,,,,,,,,,,,,,,,,,,,,,,,1,,,,,,,,,,,,,,,,,,,,,,3,1,,,,,,,,,,,,,,,,,1,,,,,,,,,,,1,,,,,,,,,,,,,,,,,,,,1,,1,,,,,,1,,,,,1,,,,1,,,,,,,,,,,,,,,,,,,,,,,,,,,,,,,,,,,,,,,,,,,,,,,,,,,,,,,,,,,1,,,,,,,,,,,,,,,,,,,,,,,,,,,,,,,,,,,,,,,1,,,,,,,,,,,,,,,,,,,,,,,,,,,,,,,,,,,,,,,,,,,,,,,,,,,,,,,,,,,,,,,,,,,,,,,,,,,1,,,,,,,,,,,,,,,,,,,,1,,,,,,,,,,,,,,,,,,,,,,,,,,,,,,,,,,,,,,,,,,,,,,,,,,,,,,,,,,,,1,,,,,,,,,,,,,,,,,,,,,,,,,,,,,,,,,,,,,,,,,,,,,,1,1,,,,,,,,,,,,,,,,,,,,,,,,,,,,,,,,,,,,,,,,,,,,,,,,,,,
2017/02,6,,,5,,,1,2,,5,,,4,,,,,6,2,1,1,,,1,,5,,,,,,,2,,2,,1,,,,1,,,,,,,,,2,1,4,3,,,,,1,1,,,,,1,1,,,1,,1,2,,,,,,,,,,2,,1,,1,,,,,,1,,,,,,1,,,,,,1,,,,,,,,,,,,2,,,1,1,,1,1,,,,,,,,1,,1,,,,,,,,,,2,,1,,,,,2,,1,,,,,,,,,1,,,,,,,,,,,,,,1,1,,2,,,1,2,,,,,1,,,,,,,1,,,,,,,1,,,,,,,,,,,1,2,,,,,1,,3,1,1,1,,,,,,,,,,,,,,,,,,,,,,2,1,,,,,,,,1,,,1,,,,,,,,,,1,,,1,,,,,,,,,1,,,,,,,,,,,,,1,,,,,,,,,,,,2,,,,,,,,,,,,,,,,,,,1,,,,,,1,,,,,1,,,,,,,,,,,,,,,,,,,,,,,,,,,,,,1,,,1,,,,,,,1,,,,,,,,1,,1,2,,,,,,1,,,,1,,,,,,,,,1,,,1,,,,,,,,,1,,,,,1,,,,1,,,,,,,,,,,,,,,,,,,,,,1,,,,,,,,,,,,,,,,,,1,,,,,,,,,,,,,,,,,,,,,,,,,,,,,,,,,,,,,,,,,,,,,2,,,,,,,,,,,,,,,,,,,,,,,,,,,,,,,,,,,,,,,,,,,,,,,,,,,,,,,,,,,,,,,,,,,,,,,,,,,,,,,,,,,,,,,,,,,,,,,,,,,,,,,,,,,,,,,,,,,,,,,,,,,,,,,,,,,,,,,,,,,,1,,,,,,,,,,,,,,,,,,,,,,,,,,,,,,,,,,,,,,,1,,,,,,,,,,,,,,,,,,,,,,,,,,,,,,,,,,,,,,,,,,,,,,,,,,,,,,,,,,,,,,,,,,,,,,,,,,,,,,,,,,,,,,,,,,,,,,,,,,,,,,,,,,,,,,,,,,,,,,,,,,,,,,,,,,,,,,,,,,,,,,,,,,,,,,,,,,,,,1,,,,,,1,,,,,,,,,,,,,,,,,,,,,,,,,,,,,,,,,,,,,,,,,,,,,,,,,,,,,,,,,,,,,,,,,,,,,,,,,,,
2017/03,3,,,3,3,,5,3,,9,1,1,6,,2,12,,1,4,,3,,,2,,3,2,3,,3,,10,2,,2,,5,4,,,1,,1,6,4,3,,2,,3,4,3,6,,1,,,5,12,,,,,1,,,,,,,1,,3,,2,,,,2,2,1,,2,,1,,,,,1,2,,,,,2,1,,4,,,1,1,,,,,3,2,,,,,,7,,,2,,,1,6,1,,,,2,,,,,2,,3,,,,,,,,2,,2,2,1,,1,1,1,1,,2,1,,4,,2,2,3,1,,,2,2,,,,,2,1,,,3,1,,2,1,,1,2,,2,,,1,1,,,,,,,,1,2,,,,1,,3,,,,,,,,,2,1,,,1,1,,,2,,,6,2,4,,,,,2,,,,,,,,,,1,,1,,,,2,,,1,,,2,1,1,2,,,,,,,1,,,,,,,1,1,3,,,,,1,,,1,,,1,2,,3,,,1,,,,,,,,,,,,,,,,3,1,,,,,,,,,,,,,1,2,,,,,,1,1,1,,2,,,,,,,,,,,,,1,,,2,,,,,,2,,,1,,,,,,,,,,,,,2,1,,,,2,,,,,2,,2,,1,,,1,1,,,3,,,,,1,,1,,1,,,,,,,,,,1,,,,,,,,,,,1,,,,,,1,,,,,,,,,,,,,,1,,,,,,,,,,,1,1,,,,1,,,,1,,,,,1,,,,,,,,,,,1,,,,,,,,,,,,,,,,,,,,,,,,,,,,,,,,,1,,,,1,,,,1,1,,,,,,,,,,,,,,,,,,,,,,,,,,,,,,,,1,,,,,,,,,,,,,1,,,,,,1,,2,,,,1,,,2,,,,,2,,,,,,1,,,,,,,,,,,1,,,,,,,,,1,,,,,,,,,,,,,,,,,,,,,,,,,,,,,,,,,,,,,,,,,,,,,,,,,,,,,,,,,,,,,1,,,,,,1,,,,,,,,,,,,,,,,,,,,,,,,,,,,,,,,,,,,,,,,,,,,,,,,,,,,,,,,,,,,,,,,,,,,,,,,,,,,,,,,,,,,,,,,,,,,,,,,,1,,,,,,,,,,,,,,,,,,,,,,,,,,,,,,,,,,,,,,,,,,,,,,,,,,,,,,,,,,,,,,,,,,,,,,,,,,,,,,,,,,,,,,,,,,,,,,,,,,,,,,,,,,,,,,,,,,,,,,,,,,,,,,,,,,,,,,,,,,,,,,,,,,,,,,,,,,,,
2017/04,31,,,14,11,,17,22,,21,11,4,9,,12,17,,2,8,3,14,,,14,,10,14,16,4,8,,16,18,5,4,,17,15,3,,12,,11,26,12,10,,5,,6,3,5,5,,2,,10,9,7,,,,1,4,8,,,5,,8,14,1,8,,8,,4,3,2,4,4,,3,,5,,,,,7,4,,,,,3,6,,12,2,,2,1,,,1,6,1,22,3,1,,,,6,,,3,4,,2,16,7,,,9,6,,,3,5,7,,5,,,,1,,,8,3,,2,,4,,1,4,7,1,,7,,,11,,5,11,5,6,,,1,7,,,,,8,4,,,7,2,,4,1,,1,3,,1,3,5,6,4,,,,,,2,,6,3,,,,4,7,4,,,,7,,,,3,,1,,,2,3,8,,1,1,1,9,1,4,,,,1,7,2,11,,4,2,,,,2,1,,6,3,,,1,,,1,,,4,,2,3,,7,,3,,,2,,,,,4,,,2,1,2,,,,3,4,,2,,,1,4,,1,3,4,,,1,,6,,,,,,,8,,,,6,4,2,,,3,,3,,2,,,,1,,1,1,2,,,1,,1,2,1,,5,,,,,3,1,,,,,1,7,2,,1,2,,2,2,,3,4,,3,1,,,,,,,,,2,2,,,1,4,8,2,,5,,4,,2,1,,1,,,1,2,2,1,,3,1,,1,1,,3,,1,,4,,1,,,,,4,,,1,,,1,,,,,2,2,,4,,,1,,,1,1,,1,1,,2,4,5,,,,,1,3,,,1,,,,,,1,,1,3,2,,,,,,,,,1,,,1,,1,4,,,,,,,,6,,,,,,,,,1,,,,,4,,,3,,,,,,1,1,,,,,,,,4,1,,,3,,,,,,2,1,,,,1,,,,,,,,,,1,1,,1,,,,,,,,,,,,,,1,1,,,,,,,,1,,,,1,,,,,2,3,,,,,1,3,,,2,,,,,2,,,,,,2,,,,,,,,,,,1,,1,,,3,,,4,,,,,,,,,3,,,,,,,6,,,,,,,,,,,,,2,1,,,,,,2,,,,,,,,1,,1,,,,,,,,,,,,,,,,2,,,,,,,,,,,,,2,2,2,,,,,,,,,,,,,,,,,,,1,,,,,,,,,,,,,,,,,,,,,,,,,,,,,,,,,,,,,,,,,,,,,,,1,,,,,,,,,,,,,,,,,,,,,,,,4,,,,,,,,,1,,,,,,,,,,,,,,,,,,,,1,1,,,1,,,,,,,,1,,,,,,,,,,,,,,,1,,,,,,,,,,,,,,,,,,,,,,,,,,,,,,,,,,,,,,,,,,,,,,,,1,,,,,,,,,,,,,,,,,,,,,,,,,,,,,,,,,,,,,,,,,1,,,,,,,,,
2017/05,11,,,10,8,,19,9,,15,5,5,11,,5,9,3,6,1,3,11,,3,,,5,9,4,4,1,,15,3,6,10,,8,6,6,7,5,,2,1,5,6,,2,,5,1,9,5,,2,,4,8,1,,,,1,5,3,,,4,,2,2,3,4,,8,,1,6,1,,,,3,,,,,,,5,6,,,,,4,2,,1,7,,,1,,,4,1,5,7,2,8,,,,1,,,6,,,1,3,2,,,3,1,,,1,2,5,,,4,,,1,,,,5,,5,3,5,,3,4,4,3,,5,1,,5,,1,1,3,3,,,1,,,,,,,1,1,,1,7,,,3,,2,2,,,1,2,3,1,,,,,,,1,,,,,,,2,11,,,,,,,,,1,4,,,1,,3,,,5,2,3,,3,,,,3,1,2,9,,,4,,,,1,1,,3,3,,,5,,,,,,,4,2,2,,4,,3,,,1,3,,,,2,,1,,3,2,,,,1,1,,2,,,3,5,,4,,,1,4,1,,3,,,,,,,,,,,3,1,4,,,1,,,,,,,,2,2,1,,,,,2,,1,1,1,,,,,,,,2,,,2,,1,2,,,1,5,,,,,1,,,1,1,,,,,,,,,4,1,,,1,1,,,,,,,,3,2,,2,,1,,,,5,,,2,,,1,,,,,,,1,,,,,,,,,3,,,,,,,,3,1,,4,,,1,,,,,,1,3,,1,,2,,,,,,3,,,,,,,,,,,2,,,,,1,,,,1,,,,1,5,2,3,,,,,,,,,1,,,1,,,,,,1,,,,,2,,,,,1,,,,1,1,,,,,,,,4,,,,,,,,,2,,1,,,1,,,,,,,,,,,1,,,4,,,,,1,,,,,,,,,1,1,,,,,1,,,,,,,,,,,,,,,1,,,,,,1,,,,,,9,,,,,,3,,,,3,,,,,,,,,,,,,,,2,,,,,,,,,,,,,,,,,,,,,,,,,,,,,,,,,,,,,,,,,,,,,,1,,,,,,,,,,,,,,,1,,,,,,,,,,,,,,,,,,,,,,,,,,,,,,,,,,,,,,,,,,,,,,,,,,,,,,,,,,,,,,,,,,,,,,,,,,,,,,,,,,1,,,,,,,,,,,,,,1,,1,,,,,,,,,,,,,,,,,,,,,,,,,,,,,,,,,,,,,,,,,1,,,,,,,,,,,,,,,,,,,,,,2,,,,,,,,,,,,,,,,,,1,,,,,,1,,,,1,,,,,,,,,,,,,,,,,,,,,,1,,,,,,,,,,,,,,,1,,1,,,,,,,,,,,,,,,1,,,,,,,,,1,,,,,,,,
2017/06,9,,,4,,,4,6,,8,10,2,3,,10,9,7,8,5,3,7,,,2,,2,4,2,1,4,,3,7,5,4,,7,2,4,,1,,3,3,2,2,,3,,3,,2,3,,4,,4,3,5,,,,1,3,4,,,,,3,1,3,1,,1,,4,8,,,1,,4,,3,,,,,1,2,,,,,1,3,,5,3,,3,4,,,1,2,1,3,1,5,,,,,,,4,2,,1,4,2,,,,2,,,3,2,1,,,,,,2,,,,2,,1,2,,,,1,4,,,1,1,,1,,1,1,2,,,,2,,,,,,1,,1,,4,2,,1,5,,,1,,4,2,1,1,1,,,,,,,,,4,,,,1,,4,,,,1,,,,1,1,2,,,1,,,,,5,2,2,1,3,,,,1,4,3,3,,2,,,,,2,3,,,1,,,1,,,2,,,,2,,2,,,,3,,,,1,,,,,,,1,1,,,,2,2,,,,,,1,,,1,,,1,,,,,,,,,,,2,,,,2,1,3,,,,,1,,,,,,2,,2,1,,,,,1,,1,,,2,,,,,1,,,,1,,1,,,,1,3,,,2,,,3,,1,2,,,,,,,,,3,,,,,1,,,,1,,,,1,,,,,,2,,,,,1,1,,,,,,,,4,1,1,,,,,,1,,,1,,,1,,,,,,,,1,,,1,,,2,2,,,,,2,,1,,,,,,2,,,,,,,,,1,,,,1,,,,,,,,,1,,,,2,1,,,,,,,,,,,,,,,,,,,,,,,,,,,,1,,,,,,,,,,,,,,1,,,7,1,,,,,,2,,,,,,,,,,,1,,,,,,1,,,,,,,,,,,,,,1,1,,,,,,,,,,,,,,,,,,1,,1,,,,,,,1,,,,,,,,,,,,,,,,,,,,,,,,,,,1,,,1,2,,,,,,,,,,,1,,,,,,,,,3,,,,,,,,,,,,,1,,,,,,,,,,,,1,,,,,,,,,,,,,,,,,,,,,,,,,,,,,,,,,,,,,,,,,,,,,,,,,,,,,,,,,,,,,,,,,,,,,,,,,,,,,,,,,,,,,,,,,,,,,,,,,,,,,,,,,,,,,,,,,,,,,,,,,,,,,,,,,,,,,,,,,,,,,,,,,,,,1,,,,,,3,,,,,,,,,,,,,,,,,,,,,,,,,,,,,,,,,,,,,1,,,,,,,,,,,,,,,,,,1,,,,,,,,,,,,,,,1,,1,,1,,,,,,,,,,,,,1,,,,,,,,,,,,,,,,,,,,,,,,,,,,,,,,,,
2017/07,16,,,10,5,,7,13,4,2,6,5,3,,7,4,4,10,2,2,7,,1,4,,1,4,5,4,3,,12,9,5,10,,6,2,1,,3,,6,1,4,8,,6,,3,2,4,2,,2,,1,2,2,1,,,,4,,,,1,,1,4,3,4,,1,,1,7,5,1,3,,2,,,,,,,4,2,,,,,2,2,,5,7,2,,2,,,3,1,6,3,7,6,,,,5,,,,1,,3,8,2,,5,1,1,,,2,4,4,,2,,,,5,2,,2,1,,1,1,1,,2,1,,6,,3,,,3,,3,,4,1,,,,3,,,,,1,1,,,4,3,,2,3,,7,,,4,1,2,,1,,,,,,3,2,2,1,,,,2,1,5,,,,2,,,,1,4,1,,,1,,,,2,2,1,,10,2,,,,,3,2,3,,1,,,,,5,1,,,1,,2,,,,,,,1,1,1,,,,,1,,,1,2,,,,,,,2,,3,,,2,1,1,,1,,,2,,,1,2,,2,,,,,,,,,,,3,,,,1,3,1,,,,,,,4,,,,2,,2,,,,,,2,5,1,1,,2,,,,,,1,,,2,,,,2,,3,1,,,,,,2,,1,,,,,,,,1,,1,1,,,2,1,,,,,,1,,2,,,,,1,3,,3,,,,,,,,,,,,1,,1,1,,,,,1,,,1,,,,,,,,,,,,,,2,,,,1,,1,,,,,1,1,,,,1,,,,,,,,,2,1,,1,1,1,,,,1,,,1,,2,,2,1,1,,,,,,,,,,1,,,1,,,,,,3,,,,,,,,,,1,,,,,1,,,,,,,,1,,,,3,,,,,,,2,,,,3,,,,,,,,,,,,,1,,,,2,,,,,,,1,,,,,,,,,,,,,,,,,,,,,,1,,,,,,,,,2,,,,,1,,,,,,,,,,,,,,,,1,,,,,,,,,,1,,,,,,,,,,,,,1,,2,,,,,,,,,,,,,1,,,,,,,,,,,,,1,,,,,,,,1,,,,,,,,,,,,,,,,,,1,,,,,,,,,,,,,,,,,,,,,,,,,,,,,,,,,,,,1,,1,,,,,,,,,,,,,,,,1,,,,,,,,,,,,,,,,,,,,,,,,,,,,,,,,,,,1,,3,,,,,,,,,,,,,,,,,,,,,,,,,,,,,,,,,,,,,,,,,,,,,,,,,,,,,,,,,,,,,,,,,,,,,,,,,,,,,,,,,,,,,,,,1,,,,,,,,,,,,,,,,,,,,,,,,,,,,,,,,,,,,,,,,,,,,,,,,,,,,,1,,1,,,,,,,,,,,,,,,,,,,
2017/08,30,,8,24,7,,16,13,18,14,6,4,8,,8,2,13,19,9,6,7,,2,8,,4,9,4,1,7,,8,9,3,10,,11,1,5,,6,,10,9,6,4,,1,,4,6,10,5,,1,,5,4,3,6,,,4,6,3,,,3,,3,10,11,6,,7,,1,1,,,4,,7,,3,,,,,8,5,,,,,4,,,5,9,4,,4,,,2,4,1,7,5,4,,,,9,3,,2,4,,2,4,2,,3,3,2,7,,2,4,6,,4,,,,2,2,,2,10,,6,11,2,,2,5,2,3,,,3,,11,,5,5,1,3,,,,3,,,,,6,5,4,6,5,2,1,3,,,,,,3,5,11,6,3,,,,,,5,2,1,1,,,,2,1,7,,,,3,,,,2,6,1,,,4,3,2,,1,4,2,1,8,2,,,,7,3,3,2,,3,3,,,,3,,,2,4,,1,3,,,1,4,,1,1,3,2,,3,,4,,,3,1,,,,3,,1,,1,2,,,2,1,2,,5,,,1,3,,1,,1,5,4,,,2,,,,,,,1,,,,1,5,2,,,3,,4,,0,,,,,,1,,2,,,1,3,4,4,2,,1,,,,,,,,,2,,,1,,,3,1,,,2,,2,4,,,2,,,,,,,,,2,2,,,,1,,1,,2,,2,,1,1,,,,2,1,,1,,,1,1,,2,1,,2,,1,1,,2,4,,,,,1,,,1,2,,2,,,,,2,2,,1,,,2,,,2,,,,1,,1,,3,4,,,,2,,,,2,,,,,3,2,,3,4,,,,2,2,,,1,,,,2,,,2,,,,,,,,,1,,,2,,,,,,,,,,,4,,,,,1,,,,1,1,,,,,,,,2,,2,,3,,,,,,,,,,,,,,,,,,3,,,1,,,1,,,,3,,,,,,,3,,,1,1,,,,,2,,,1,,1,,1,,,,,,2,,,,,,,,,,,,,,2,,,,,,,,,,2,,,,,,1,,,1,,1,1,,,,,,,,,,,,,,,,,,,2,,,,,,,,,,,,,2,1,,,,1,,,,,,,,,,1,,,,,,3,,,,,,,,,,,,,,,,,,1,,,,,,,,,,,,,,,,,,,,,,,,,,,,,,,,1,,,,1,,1,,,,,,,,,,,,,,,,3,,,,,,,,,,,,,,,,,,,,,1,,,,,,,,,,,,,,,,1,,,,1,,,1,1,,,,,,,,,,,,,,,,,,,,,,,,,,,,,,,,,,,1,,,,,,,,,,,,,,,,,,,1,,,,,,,,,,,,,,,,1,,,3,,,,,,,,,,,,,,,,,,,,,,,,,,,,,1,,,,,,,,,2,,,,,,,,,,,,,,,,,,,,,1,,,,,,,,,,,,,,,,,,,,,,
2017/09,12,13,,11,5,,7,17,7,15,6,2,3,,6,13,18,10,5,3,3,,7,4,,1,2,2,5,5,,3,9,8,9,,5,9,5,,2,,5,4,2,3,,,,4,1,7,4,,3,,5,3,6,5,,2,1,3,1,,,5,,3,6,2,1,,3,11,1,2,,3,3,,3,,3,,,,,4,1,,,,,4,,,1,5,1,7,5,,,1,4,1,3,,,,,,5,7,,3,4,,1,10,2,,,2,9,3,,4,8,3,,5,,,,,2,,4,,,2,7,7,,1,5,1,,,1,3,,2,,1,6,4,2,,,1,7,,,,,1,1,1,4,,1,4,,1,,,3,,1,3,6,3,2,,,,,,,2,3,7,3,,,,1,2,,,,3,,,,,,2,,,1,1,1,,2,,,,1,,,,,1,,2,1,,3,1,,,,2,,,1,1,1,1,2,,1,1,1,,2,,2,,,2,,1,,,2,3,,,3,4,,,,,1,,,2,1,1,,2,,2,1,,,,1,,1,3,1,,3,,,,,,,1,,,,1,1,,,,,,3,,1,,,,1,,,,,4,,1,,1,1,4,,1,,,,,,1,,,1,,1,1,2,,3,3,,2,2,,4,1,,1,1,,,,,,,2,,2,1,,,,,1,,,,,,,,1,,1,,2,,,2,,,,1,,,1,,,,1,1,,2,,,,,,1,,,1,3,,2,,,,,,,,1,,,,,,5,,,3,,1,1,,1,,,,,1,1,,,,,,,,2,,,1,,,,,,,,,1,,,,,2,,1,3,,,,,,,,,,,,,,,,,2,,2,,,,,,2,,,,,,,,,,,,,,,0,,,,4,,,,,2,1,1,,,2,1,,,,,,,2,,,,,,1,,,,1,,,,,,,2,,,,,,,,,1,,,,,2,,1,,,,,1,2,,,,,0,1,,,2,,,,,1,,,,,,2,,,,1,1,,,,,1,6,,,,,1,,,2,,,,,,,,,,,,,,1,,2,,,,,,,,,,,,,1,,,,,1,,,,,,,,,,,,,,,,,,,,,,,,,,,,1,,,,,,,,,,,,,,,,,,,,,,,,,,,,,,,,,,,,,,1,,,,,,,,,,,,,,,,,,,,,,,,,,,,,,,,,,,,,,,,,,,1,,,,,,,,,,,,,,1,,,,,,1,,,,1,,,,,,,,,,,,,,,,,,,,,,,,,,,,,,,,,,,,,,,,1,,,,,,,,,,,,,,,2,,,,,,,,,,,,,,,1,,,,,,,,,,,,,,,,,,,,,,,,,,,,,,,,,,1,,,,,,,,,,,,,,,,,,,,,,,,,,,,,,,,,,,,,,,,,,,,,1,1,,1,,
2017/10,49,35,,28,9,,24,10,43,22,5,9,10,,26,12,5,11,8,5,7,,18,10,,8,12,14,9,12,,18,8,10,6,,18,11,11,,7,,5,19,11,9,,6,,7,10,9,7,,6,,9,6,5,6,,27,5,3,7,,,8,,16,5,4,11,,7,39,,3,2,,2,,10,,5,,,,,10,10,,,,,5,,,7,7,5,2,7,,,1,9,1,11,8,1,,,,4,31,,2,6,,4,3,4,,12,2,5,4,,13,,5,,3,,,,4,1,,7,2,,6,7,5,,2,3,8,3,,3,2,,3,,2,5,5,5,,,3,2,,,15,,4,8,4,5,8,1,6,8,4,,3,6,,9,5,3,4,7,,,,,,8,3,4,,16,,,,14,3,,,,2,,5,,,1,1,,,2,4,7,,1,,3,4,2,3,,,,1,3,3,4,,4,5,,,,2,1,,4,1,13,,2,,14,1,4,,1,2,1,2,,4,,5,,,2,3,,,12,,,0,2,1,1,,,7,,3,,3,,19,4,6,,2,1,3,,1,2,11,,,,,,,,4,,,,3,2,2,,,,,2,,3,,,,,,1,3,2,9,,1,5,4,,4,,1,,,,,5,2,,,3,,3,2,11,,3,,,1,3,,,,,3,2,,,,,,,4,,4,1,,,2,5,3,1,,4,,4,,1,6,,1,,2,1,,4,,,,2,,1,,,2,,2,5,3,1,1,,,,,1,,,,10,,3,,,,,1,,,2,,,5,,,6,3,,4,2,3,2,,3,1,,,,1,,1,,3,,,,,1,1,,5,6,2,,,0,1,,,3,,2,,1,,,1,3,,,,,,,,1,,,1,,,,,,,,1,,,2,,,4,,1,,,,,2,,,,,,,,3,1,2,,4,1,,,1,2,3,2,,,2,1,,,,,,,2,,,1,,,,,,,1,,,,,,,1,,,2,,,,,,,,,1,,4,,1,,,,,1,1,,1,,,,3,,3,,,,,,1,,,,,,2,,,,,1,,,,,,,,2,,1,,,,2,,,,,,,,,1,,,,,,,1,,,,,2,,,,,,,,,,,,,1,,,,,,,,1,,1,,2,,,,,,,,,,,,,,,3,3,,1,,,,,,,,,,,,2,,,,,,,,,,,,,,,,,,,,1,,,,1,1,,,,,1,,1,,,,,,,,,1,,,,,1,2,,,,,,,,,,,,,,,,,,,,1,,,,,,,,,,,,,,,,,,,,,,,1,,,,,,,,,,,,,,,,,,,,,,,,,,,,1,,3,1,,,,,,,,,,1,1,,,,,,,,,,,,,,,,,,,,,,,,,,1,,,,,,,,,,,,,,,,1,,,,,,,,,,,,,,,,,,,,,,,,,,,,,,,,,,,,,,1,,,,,,,,,,,,,,,,,,,1,,,,,,,,1,,,,,,
2017/11,23,,4,13,8,,17,13,36,5,5,21,21,,7,6,13,4,4,1,11,,14,4,,4,13,9,8,14,,17,5,2,9,,8,5,10,,4,,9,6,10,4,,6,,4,9,10,2,,2,,7,3,3,,,20,2,5,4,,,4,,5,3,12,6,,4,14,4,5,2,3,2,,4,,6,,,,,3,4,,,,,2,3,,3,2,2,2,3,,,2,1,2,5,1,3,,,,10,13,,2,,,0,2,,,7,4,3,,,11,2,4,,1,,,1,1,2,,1,,,1,6,3,,1,5,1,3,,3,1,,3,,2,5,2,,,,,6,,,7,,4,3,1,0,8,4,1,4,1,,1,5,,1,1,4,1,2,,,,,,3,,4,4,13,,,0,2,5,,,,,,1,,2,4,6,,,4,2,,,1,1,3,1,5,2,,,,2,1,3,2,,2,4,,,,3,1,,3,1,10,1,2,,15,1,,,3,3,1,,,1,,2,,,2,1,,,9,1,,,6,1,,,,3,2,5,,1,,3,1,,,5,,2,2,1,1,4,1,,,,,,,5,,,,,3,,,,,,1,,,,,,1,1,1,,,3,,2,1,3,,4,,3,,,,,8,1,,,2,,1,2,,,1,5,,2,,,,4,,4,4,,,,,,,,,,2,,,2,,,,,2,,1,,,3,,1,,,3,,2,,,3,1,,2,,,,,,8,,5,,,,,,,,,1,2,,2,,,,,1,,,2,,,3,,,,2,,,2,,,,,1,,,,,1,,,,,,,,,,,3,3,,,,2,2,,,5,,1,,1,,,2,1,,,,,,,,1,,,,,,,,,2,,,,,,,,,,,,,,,1,,,,,,,,1,1,1,,3,2,,,1,1,2,2,,,1,,,,,,,,2,,,,,,,,,,,1,,,,,,3,,,,1,,,,,,,,2,,,,1,,,,,,0,,,,,,1,,1,,,,,,,,,,,,1,,,,,,,,,,,,,,,,1,,,2,2,,,,,,,,,,,1,,1,,1,,,,,,,,,,,,,,,,,,1,,,,,,,,1,,1,,2,,,1,3,,,,,,,,,,,1,,,,,,,,,,,,,,,,,,,,,,1,,,,,,,,,,,,,,,,,,,,,,,,,,,,,,,,,,,,,,,,,,,,,,,,,2,,,,,,,,,,,,,,,,,,,,,,,,,,,,,,,,,1,,,,,,,,,,,,,,,,,,,,,,,,,,,,,1,,,1,,,,,,,,,,,1,,,,,,,,,,,,,,,,,,,,,,,,,,,,,,,,,,,,,,,,,,,,,,,,,,,,,,,,,,,,,,,,,,,,,,,,,,,,,,,,,,,,,,,,,,,,,,,,,,,,,,,,,,,,,,,,,
2017/12,21,,,17,16,,16,7,10,6,8,8,21,,2,9,40,24,1,4,4,,4,6,,5,12,2,4,42,,7,5,5,8,,4,14,14,,3,,3,4,3,7,,6,,4,8,6,1,,,,8,2,3,,,4,1,1,5,,,4,,3,2,,3,,2,9,2,1,1,3,1,,2,,8,,,,,1,5,7,,,,3,,,,,1,,1,,,,7,1,3,4,1,2,,,8,3,,8,3,,,4,2,,3,,1,,,2,3,3,,3,,,4,7,,,1,4,,1,3,2,,2,2,5,3,,3,1,,,,,,4,2,2,,2,1,,,6,,3,,1,2,5,2,2,1,2,,,5,,2,1,1,3,1,,,,,,4,9,1,,2,,,,12,3,,,,1,,7,,4,3,,,,,2,1,,1,,,2,1,3,,,,1,,4,3,,2,2,,,,,2,,1,2,2,,1,,4,3,2,,1,1,2,1,,,,5,,,1,1,,,3,1,,4,3,0,,,,,3,,,1,,1,,6,,,,,,,1,4,2,,,,,,,1,,,,3,,3,,,1,,2,,1,,,,2,1,7,,,4,,2,,1,1,1,,1,,,,,,3,,,,,1,,2,,2,1,,,,,,5,,1,2,,,,,,,2,,,1,,,1,,3,,,1,,1,,,,,1,,1,4,,2,,,,2,,,1,,,,,0,2,1,2,,,,,2,,,,2,,2,,,,,2,,,7,,,1,,,,,,2,,2,1,,,,,,,3,6,3,,,,,,,1,1,,2,2,,,,,,,,,,1,,1,3,,2,,,,,,,3,,,,,2,,,,,,2,,1,,,,,,,,,,,,1,1,,,5,,,,,,,2,,2,,,,1,,,1,,,,,,,,,,,,,,1,,,,,,,,2,,,,,,1,,,3,,,,,,1,,,,,,,,,,,,2,1,,,,1,1,,,,,,,,,2,,,,,,,,,,,,,,3,,2,,,,,,,,,,,,,,,,,,,,,,,,,1,,,,,1,,,,,,,,1,,,,,,1,,,,,,,,,1,,,,,,,,,,,,,,,,,,0,,,,,,,,,,,,,,,,,,,,,1,,,,,,,,,,,,,1,,,,2,,,,,,,,,,,,,,,,,,,,,,2,1,,,,,,,,,,,,,,,,,,,,,,,,,,,,,,,,,,,,,,,,,,2,,,,,,,,,,,1,,,,,,,,,,,,,,,,,,,,,1,,,,,,,,,,,,,,,,,,,,,,,,,1,,,,,,,,,,,,,,,,,,,,,,,,,,,,,,,,,,,,,,,,,,,,,,,,1,,,,,1,,,,,,,,,,,,,,,,,,,,,,,,,,,,,,,,,,,,,,,,,,,,,,
2018/01,19,,,18,15,,4,11,22,5,7,3,10,,1,7,16,13,9,2,7,,3,4,,17,4,10,4,6,,9,8,2,9,,5,,9,,7,,1,12,2,8,,1,,9,12,13,7,,5,,16,3,5,4,,22,1,8,1,,,3,,1,9,1,6,,3,9,1,3,3,1,5,,1,,2,,,,,2,2,5,,,,1,,,1,3,2,2,1,,,1,1,11,3,6,1,10,,,6,3,,5,3,,5,,1,,0,2,3,,,4,7,2,,4,,,7,2,5,,3,6,,4,9,,,1,2,1,7,,5,1,,6,,6,1,5,4,5,,1,7,,,2,,2,4,3,1,2,2,3,2,1,,,3,,,3,4,,2,,,,5,,2,,4,1,9,,,,,5,,,,4,,2,,2,4,4,,,4,1,4,,1,1,1,5,6,4,,,,2,,2,2,,2,2,,,,2,1,,,3,2,2,2,,6,1,1,,,,1,,,,,,,,,2,,,6,1,,,4,2,2,,,0,5,3,,2,,3,,1,,1,1,1,3,,3,4,,,,,,,,1,,,,2,1,3,,,1,,1,,1,,,,,,,1,,5,,,,,,,,1,,,,,1,2,1,,1,,1,1,,,1,2,,,1,,,4,,,,,,,,,,1,,,,,,1,,,,,,,3,,,1,,1,,2,,,1,2,,,1,,2,2,,1,,2,,,,2,,,,,,,3,1,3,,,,,,,,,,,,,,,,1,,,3,,,,,,,,,,,,1,,1,,,,,,1,,3,,1,,,,,,,,,3,,4,2,6,1,,,,,,,,,1,,,,,,,,,2,,,,,2,,,,,2,,,,1,1,,,2,,,,,1,,3,,3,2,,,1,1,,2,,,,,,,,,,,1,,,5,,,1,,,,1,,,,,,,3,,,1,,,,,,1,,,1,,,,1,,,,,,1,,,,,,1,,,,,,,,1,,,,,,,,,,,,,,2,,,,,,,2,,,,,,,,,,,,,,,,,,,,,,,,,,,,,,,,,2,,,,,,,,,,,,,,,,,0,,,,2,,,,,,,,,,,1,,,,,,,,,,,,,,,,,,,,,,3,,,,,,,,,,,,,,,,,1,1,,,,,,,1,,,,,,,,,1,,,,,2,,,,,,,,,,,,,,,,,,,,,,,,,,,,,,,,,,,,,,,,,,,2,,,,,,,,,,,,,,,,,,,,,,,,,,,,,,,,1,,,,,1,,,,,1,1,,,,,,,,,,,,,,,,,,,,,,,,,,,,,1,,,,,,,,,,,,,,,,,,,,3,,,,,,,,,,,,,,,,,,,,,,,,,,,,,,,,,,,,,,,,,,,,,,,,,,,,,,,,,,,,,,,,
2018/02,29,,,28,18,,5,12,33,14,6,4,18,,8,9,9,23,11,11,14,,3,7,16,23,17,11,2,6,,14,5,3,11,,9,,9,,9,,4,19,8,13,,2,,4,12,16,5,,7,,13,3,5,2,,30,2,2,3,,,9,,10,6,,8,,4,8,4,1,5,1,5,,4,,3,,,2,2,7,3,12,,,,6,,2,2,4,1,2,,,,2,1,12,3,4,2,6,,,6,9,,1,6,,3,3,3,,2,8,2,,,3,3,2,,1,,,8,3,2,3,1,9,,7,9,2,2,1,7,6,5,5,5,1,,2,,1,3,5,2,5,,1,2,,,3,,1,6,5,4,5,6,1,1,2,,2,1,,4,2,11,7,2,,,,2,,1,,3,,19,,,,2,6,,,,2,,7,,5,12,2,,,4,4,2,,1,1,1,4,10,1,,,,6,4,7,4,,5,,,,,1,2,,1,4,11,1,4,,6,3,2,,2,1,,5,,1,,,,,1,,,,7,1,,,2,2,1,,,,2,2,,2,,5,2,3,,1,,3,,2,2,12,1,,,,,,,4,,,,3,4,3,,,3,,4,,,,,,,2,,,,8,,1,3,2,3,1,,5,,,,,1,,5,,2,,2,1,2,,,2,,,3,,,1,,,1,,,,,,,1,,2,3,,,1,,,,,,,1,,2,,,2,,2,,,,1,,1,3,,1,4,,3,,,,,,2,,,,,1,,,2,3,,1,,,,,3,4,,1,,,3,,,,,,2,,1,1,,,3,,,,4,2,,,2,,,,,,2,,3,2,,,,1,3,,,,,4,,1,1,1,1,2,,,,,,,,2,,,,,,,,,1,,,,,,,,2,,1,,,,1,,,,,,,,,,4,1,,10,1,,,,1,1,2,,,,,,,,,2,,6,,,,2,,,,,,,2,,,,,,3,,,,,,,,,,,,1,,,,,,,,,1,1,,2,,2,,,,,1,,,,,,,,,,,4,,,,1,,,,1,,1,1,,,,1,,,,1,1,,,,1,,,,,,,4,,,,1,,,,,,,,,,,,,1,,,,,1,,1,,,,,,,,,,,,,1,2,,,,,,,,,,,,6,,,,,,,,,,,,,,2,,,,,,,1,,,,,,,,,,,,,,,,,1,1,,,,,1,,,,,,,,,,,,,,,,,1,,,,,,,,,1,,,,,,,,,,,1,,,,,,,,,,,,,,,,,,,,2,,,,1,,,,,,,,,,,,,,,,,,,,,,,,,1,,,,,,,,,,1,,,,,,2,,,,,,,,,,,,,2,,,,,,,,,,,1,,,,,1,,,,,,,,,,1,,,1,,,,,1,,,,,,,,,,,,,,,1,,,,1,,,,,,,,,,,,,,,,,,,,,,,,,,,,1,,,,,,,,,,,,,,,,,,,
2018/03,38,,,31,14,,26,25,33,9,10,5,24,,11,18,12,17,12,8,25,,14,12,12,16,14,5,8,10,,19,9,2,7,6,15,13,10,,4,6,6,11,12,9,8,7,,23,8,12,2,,3,,10,2,8,7,4,21,2,4,6,9,12,4,2,2,10,5,7,6,10,11,2,5,5,2,11,3,2,4,3,,,7,5,5,9,11,6,,,6,0,,3,7,9,1,4,,,3,5,3,5,4,7,1,,,6,10,,7,5,,5,2,2,,3,5,6,,,9,4,2,,2,,,5,1,2,6,,8,,5,9,13,32,4,16,5,2,7,11,3,,7,,5,3,3,2,7,,,5,,,12,,6,3,1,2,4,5,3,6,8,0,3,3,,4,3,2,12,6,3,0,,3,,3,,7,2,8,,,2,5,6,,,,1,,1,,14,7,2,,,7,3,2,,4,2,2,,6,2,,,,2,1,2,8,,3,2,,,,1,,,5,3,4,,1,,2,,6,,4,2,1,3,,,,3,,,2,1,,,5,1,,1,2,3,2,,,7,6,5,,3,,3,1,3,,,2,7,1,,,7,3,,,,2,,,,,,,1,4,4,,,4,,2,,1,,,,1,1,3,4,,12,,2,4,,,2,,,,,,,1,2,5,,4,,2,1,1,,,3,,1,3,,,1,,3,3,,,,,,4,1,,2,2,,,2,2,,7,,2,,4,,2,1,3,,,,1,,3,2,,,2,,,,,2,,2,5,,,1,,,,,1,,,4,4,,4,,,,,4,1,,1,,,3,,,,1,,1,3,,1,,3,1,,,,,2,2,,,,,,,1,2,,,1,,,,1,1,,,1,,2,,1,1,,3,2,,,,,,,,4,,,,,,,,,2,,3,,,1,,,1,,,,,,1,,,,,,,,,,3,1,,7,2,,,1,,3,2,,,2,2,,,,,1,,2,,,,1,,,,,,2,3,,,,,,1,,,,,,,,,,,,2,,,,2,,,,,1,1,,,,,,0,,1,4,,,,,,,,,,,,,,,3,1,,,2,,1,3,,,,1,1,,,,1,,,,,4,,,1,,,1,,,,2,,,,,1,,,,,,,,4,1,,,,,,,,,,,,,,,,1,,,,6,,,,,,,,,,,,1,,,,,,2,,,,,,,,1,1,,,,,,1,,,,,,,,,,,,,2,,,,4,,,,1,,1,,,,,,,,,,,,,,,,,1,,,,,,,,,,,,,,,,,,,,,,,,,,,,,,,,,,2,,,,,,,,1,2,,,,,,,,,,,,,,,,,,,,,,,,,,,,,,,,,,,,,,,,,,,,,,,,,,,,,,,,,,,,,,,,,,,,,,,1,,,1,,,,,,,1,,,,,,,,,,,,,,,,,,,,,,,,1,,,,,,,1,,,,,,,,,,,,,,,,,,,,,1,,,,,,,,,,,,,,,,,,,,,,
2018/04,58,,,24,22,,24,15,52,6,7,6,11,,9,14,11,13,11,9,13,,12,10,27,5,12,14,4,17,,13,13,7,17,5,15,17,5,,12,7,7,12,7,9,21,4,,9,3,8,19,,4,,8,3,6,4,,15,,6,11,21,6,2,4,15,23,9,4,5,5,11,3,4,2,3,7,6,3,,8,,,9,2,8,3,10,13,,,2,2,,13,11,7,4,1,,,2,7,10,7,3,5,11,,,13,9,,6,4,,8,3,12,,8,4,4,,,9,4,2,,2,,,14,4,2,4,8,9,,5,16,5,23,3,3,1,3,4,7,6,,5,21,4,4,1,2,11,,1,12,,,22,,4,8,8,10,7,4,3,3,3,9,22,5,,3,3,5,3,6,,7,,3,,4,1,5,2,6,,,4,4,5,,,,3,,6,,1,3,4,,,4,,2,,2,2,1,1,6,4,,,,1,9,5,2,,1,7,,1,7,2,2,,1,2,6,3,,,3,,2,,4,,1,3,,2,,3,,,2,,,,1,5,6,3,2,1,5,,,4,3,2,,5,,1,0,9,,,1,,1,5,1,5,2,,,,11,,,1,,4,,1,2,4,,,1,2,2,,2,2,,,3,,1,4,0,2,,3,3,1,2,5,,4,,,,,5,1,3,,3,,5,3,8,3,,1,,3,4,,,2,,7,3,,,,,,,4,,2,,,,1,2,3,4,,7,,3,,10,,,1,,5,2,,,2,,,2,,,2,,1,,3,,1,,2,,,,,1,,,1,3,,2,,,,,5,1,,2,,,4,,,,3,,3,2,2,1,,2,1,,,,,4,,,,,,,1,,1,,,3,,,,1,1,,,2,,2,,1,3,1,3,1,,,,,,2,,,,,1,,,,,,2,,1,,,1,,,3,,1,,,,3,5,,,,,,,,1,2,1,,,1,,,2,1,2,1,,1,,1,,,,,1,,1,,,,1,,1,,,,3,0,,,,,,2,,,,,,,,2,3,,,2,,2,,,,,,,1,,,,1,,1,,,4,2,,,,,,,,,,,,,,,1,,,,1,,,1,,1,,1,1,,,,,,,,9,2,,,1,,,,,,,2,,,,,3,,,,,,,,,,,,,,,,,,,,,2,,1,,,,,1,,,,,,,,,,,,1,1,1,1,,,,1,,,,,,,,2,,,,,,,,,,,,,,,,,,,,2,,,,3,,,,,,1,,,,,,,,,,,2,,,,,1,,,,,,,,,,1,,,,,,,,,,,2,,,,,,,,,,,,,,1,,,,,,1,,,1,,,,,,,,,,2,,,,,,,,,,,,,,,,,,,,,,,,2,,1,,,,,1,2,,,,,,,,,,,,,,1,2,,,,,,,,,,,1,,,,,,,,,,,,,,,,1,,,,,,,,,,,,,,,,,,,,,,,,,,,,,,,,,,,,,,,,,,,,,,,,,,1,,,,,,,,,,,,,,,,,,,,,
2018/05,47,,,44,24,,14,15,27,4,5,4,24,,16,12,14,10,11,9,9,,13,8,7,3,11,8,5,19,,7,21,7,15,,6,12,11,,11,10,5,1,5,10,18,5,,8,3,7,3,,6,,2,9,9,10,8,18,7,11,4,11,,9,4,6,13,9,4,7,11,4,1,2,2,5,1,7,7,4,3,,,4,2,3,6,8,13,,,4,6,,1,8,4,2,2,,,2,6,3,6,3,7,7,,,8,5,,5,3,,4,10,8,,5,5,4,,,3,10,1,,2,,,2,7,,7,5,2,,4,16,4,17,1,4,3,6,5,5,1,,4,34,3,1,5,4,4,,3,6,,,4,,5,2,,3,5,1,3,5,3,14,,3,,8,3,5,5,5,,11,,2,,5,8,2,1,7,,,6,,3,,,,1,,2,,,3,0,,,2,3,3,,6,5,4,1,5,7,,,,2,,2,,,3,3,,2,,5,2,,2,3,2,1,2,,2,2,5,6,4,4,2,2,,,,6,,,2,3,,,1,3,5,2,1,2,5,,,5,,3,,4,,4,2,2,,2,5,,2,2,,2,5,,,,,,,3,,,,3,2,2,3,,2,0,5,,,,,,1,,2,,2,6,,3,1,7,1,2,,7,,,,,4,1,6,,2,,3,2,3,3,1,,,2,1,,,,,1,,,,,,,,,,2,1,,,,2,2,1,,,,2,,,2,7,2,,3,4,,1,2,,,2,,2,,,4,,2,3,,0,1,,,,,4,,,,4,,1,,,,,,2,,3,,,4,,,3,1,,,3,1,,,2,,,,,1,1,,,2,,,,5,,2,,2,3,,,,,2,,,2,,2,,,,1,,4,,,,,,,,,,,2,,,,,,1,,,,,2,,,1,,,,,,,,,,,,,,,2,1,,,,,,,,,1,1,4,4,,2,,,,,,,1,,,1,,,2,,,,1,1,,,,,,1,,,,2,,,,1,5,,,3,,1,,1,,,,,4,,,1,1,,1,1,,,,,,,,,,,,,,,,,,1,1,,,1,,,,,3,,,1,,,1,,,,,,2,,,1,,,1,,,,,,,,,2,,,,,,,,,,,,,2,,,,,,,,,,1,,2,,,1,,,,,,,,,,,,3,1,,1,,,,1,,,,,,,,1,,,,,,,,,,,,,,,,,,,,,,,,,,,,,,,,,,,,,,,,,2,,,,,,,,,,,,,,,1,,,,,,,,,,,,,,,,,,,,,,,,,,,1,,,,1,,,1,,,,,,,,,,,,,,,,,,,,,,,,,,,,,,,,,,1,,,,,,,,,,,,,,,,,,,,,,1,,,,,,,,,,,,,,,,,,,,,,,,1,,,,1,,,,,,,,,,,,,,,,,,,,,,,,,,,,,,,,,,,,,,,,,,,,,,,,,,,,,,,,,,,,,,,,1,,,,,,,
2018/06,34,,,32,13,,11,10,18,7,2,1,6,,8,9,3,9,3,5,12,,5,12,,2,7,7,6,8,,8,12,7,12,,11,9,5,,8,,7,,6,3,,2,,7,5,2,6,,3,,4,2,7,8,8,9,2,7,4,,,4,2,3,4,4,4,5,8,14,4,2,4,4,7,4,5,,2,,,3,3,8,5,14,7,,,2,5,,5,7,7,2,4,,,3,3,7,,3,1,7,,,4,4,,4,1,,2,9,1,,10,6,5,,,2,3,3,,7,,,3,2,3,3,1,3,,2,6,5,8,3,4,2,7,3,4,1,,3,19,5,,4,2,4,,2,2,,,1,,2,1,2,5,2,,5,4,,2,,,,2,1,5,1,2,3,2,,6,,2,7,2,1,3,,,4,,4,,,,3,,3,,,2,,,,6,1,1,,2,2,6,4,6,4,,,,3,3,2,1,,1,2,,1,,2,6,,5,2,4,,4,,1,2,1,3,1,2,5,5,,2,,1,,,,1,,,4,2,,2,4,4,1,,,3,3,1,,,,1,1,1,,2,2,1,1,,,1,3,,,,,,,1,,,,,4,4,1,,1,2,,7,1,3,,,,,1,3,1,2,,,4,4,4,3,,4,,,,,,,2,,1,,2,,1,4,3,2,,,2,,1,,,,,,,,3,,,4,,2,,,,,,,2,,1,,,,2,1,,2,,,1,,2,2,,,,,,2,,3,,,1,2,3,2,,,,,,,,1,1,,1,,,,,1,,,,1,,1,,,,,,1,2,3,2,,,,,,,1,,3,,,1,,,,,1,,,1,1,,,,4,,,,,1,,,,2,3,1,,,,,,,,1,,,,,,,,,1,,1,,,3,,,,,1,,,,,,,,,,,,,1,,6,,,,,,1,,1,,,2,,2,,,,,,,4,,,1,,,,,,,1,1,,,,,,,,,,,3,,,,,,,,,,,3,,,,,,,,,,2,,2,,,1,,,,,1,,,,,,1,,,,,,,2,1,,1,,,,,,,,,1,,,,,,2,,,,,,,,,,,,,,,,,,,,,,,1,1,,,,3,,,,,,,,,,1,,2,,,,7,,,,,,,,,,,1,,1,1,,,,,,,,,,,,1,,,,,,,,,,,,,,,,,,,,1,,,,,,,,,,2,,1,,,,,,,,,,,,,,,1,,,,,,,,,1,,,,,,,,,,,,,,,,,,,,,,,,,,,2,,,,,,,,,,,,,,,,,,,,,,,,,,,,,,,,,,,1,,2,,,,,,,,,,,,,,,,,,,,,,,,,,,,,,,,,,,,,,,,,,,,,,,,,,,,,,,,,,,,,,,,,,,,,,,,,,,,,,,,,,,,,,,,,,,,,,,,,,,,,,,,,,,,,,,,,,,,,,,,,,,,,
2018/07,86,,,47,22,,33,29,46,9,11,11,23,,16,24,7,23,9,9,16,,12,7,,3,26,17,10,11,,13,5,14,13,,17,25,10,,17,,11,,10,10,,7,,7,5,10,10,,2,,10,9,13,15,11,9,6,6,8,,,8,2,4,5,13,2,7,7,12,4,9,5,1,10,9,4,14,,,,8,8,6,5,8,12,,,9,5,,5,11,,4,1,,,6,9,6,6,4,5,13,,,4,5,,8,7,,6,4,5,,11,9,3,,,9,5,9,,3,,,8,3,1,4,4,10,,5,1,4,8,5,5,7,9,2,3,4,,5,26,2,,1,5,4,,4,,,,4,,2,5,2,6,3,2,8,4,1,11,11,2,,3,5,7,6,7,5,1,,7,,1,2,4,5,4,,,3,8,3,,,,3,,6,,2,10,1,,,4,1,5,,1,3,2,2,6,,,,,1,8,3,4,,2,5,,5,,4,3,,5,1,3,1,5,,5,4,1,,4,2,6,1,,7,,3,,,3,3,,,3,2,,2,1,4,2,,,7,2,4,,4,,2,2,2,,2,4,3,,1,2,3,2,,,,,,,1,,,,4,5,2,6,,2,3,4,8,2,,,,3,1,6,2,2,1,,1,,2,3,3,,3,,,,,1,2,4,,3,,1,1,3,,1,1,,2,,,,3,,2,4,,,,3,,,1,,3,1,,,3,5,2,3,,3,,1,,3,3,,4,,1,4,,5,2,,2,1,,2,2,,2,,4,4,,,1,,,,,0,,,1,6,,4,,,,,1,2,,3,6,,2,,,2,1,,2,1,2,3,,3,1,,,,3,1,4,,3,3,,,1,,,,3,2,2,,,1,2,,,,,1,,1,,,3,2,,,,,,,,,,,,,,,,,,,1,,,1,,,1,,2,,,,1,1,,,,,,,,1,1,,,,0,,,,,2,,,1,2,,,,,,2,,2,,,1,,,2,,,,1,1,,,,,,1,,,,,,,,3,1,,,,,,,1,,,,,,,,1,0,,1,2,,,2,,,,,,,,,,,,,,,,,,,1,,1,3,,2,,1,2,,,2,1,,,,6,1,,,1,,,2,0,,,2,,,,,1,,,,,,,,1,2,,,,,,,,,,,,,,1,,2,,,,,,,,,,,,,,,,,,1,,,,1,,,,,,,,1,,,,,,,1,,,,,,,,,,,,,2,,,,,,,,,,0,,,,,,,,,,,,,,,,,1,,,,,,,,,1,,,,,,,,,,,,,,,,,,,,,,,,,,,1,,,,1,,3,1,,,,,,,,,0,,,,,,,,,,,,,,,,,,,1,,,1,,,,,,,,,,2,,,,,,,,,,,,,,,,,,,,,,,,,,,,,,,,,,,,,,,,,,,,,,,,,,1,,,,,,,,,,,,,,,,,,,,,,,,,,,,,,,,,,,,,,,,,,,,,,,,,,,,,,,,,,,,,,,,
2018/08,42,,,27,9,,23,11,17,15,11,10,26,,10,10,5,20,5,4,11,,9,6,,4,12,8,6,14,,13,8,11,7,,7,12,11,,5,,6,,6,9,,7,,6,6,10,4,,3,,12,,11,14,,3,6,8,13,10,,6,3,7,2,8,5,8,10,7,6,4,5,4,0,12,2,,6,,,3,8,4,9,8,11,,,2,5,,3,10,6,7,7,,,4,6,6,6,6,1,5,,,4,4,,6,1,,9,8,1,,3,3,3,,,4,4,6,,6,,,5,2,3,4,3,9,,3,1,3,9,2,5,4,2,3,7,,,,19,4,3,3,1,2,,1,1,,,5,,4,8,4,4,3,9,10,5,2,3,1,3,,1,1,7,1,4,,3,,3,,,4,4,2,3,,,,3,3,,,,5,,6,,3,4,4,,,3,1,2,,1,,7,2,6,1,2,,,,2,1,2,,1,3,,3,,4,3,,1,,2,3,2,,1,1,7,,0,,2,2,,4,,7,,,1,,,,,1,,6,1,3,6,,,2,,4,,4,,2,1,3,,2,2,7,6,2,2,5,6,,,,,,2,3,,,,2,2,1,2,,,0,1,3,,5,,,2,,,2,2,2,,1,2,4,1,1,,3,,,,1,3,1,3,,1,,2,2,2,2,1,,,1,,,,5,,,3,,,,3,,,2,,1,2,,,2,1,3,3,,2,,,,2,1,,0,,2,2,,6,3,,,,,3,,,1,,2,7,5,1,1,,,,,,,,1,,,5,,,,,2,1,,1,5,,1,,,1,2,,,1,1,1,,,1,,,,1,3,1,,2,1,,,,4,2,,,1,1,,,,,,,4,,2,,1,,,2,1,,,,,,,,,,,3,,,,,,1,,2,,,,,,2,,,,,,1,1,,,,,,,,,1,,,2,0,,,1,1,,1,,1,2,,,,4,,1,,2,,,1,1,,,,,,,,,,,,,1,,,1,,2,,,3,,2,,,,,,,,4,,,1,,,,,3,,,,1,,,,,,3,,,,,,,,,,,,,2,2,,,2,,1,,,1,,,,,,,,,1,,,,,,,4,,,,,,,,3,,,,,,,,1,2,,,,,,,,,,,,1,,,,1,,,,1,,,,,,,,,,,1,,1,1,,,,,,,,,,,,,,,,,,,1,,,,,,,,,,,,,,,,,1,,,,,,,3,,,,,,,,,,1,,,,,1,,,,,,,,,,,,,,,,,,,,,,,,,,,,,,,,,,,1,,2,,,,1,,1,,1,,,,,,,,1,,,,,,,,,,,,,,,,,,,,,,1,,,1,,,,,,,,,,,,,,,,,,,,,,,1,,,,,,,,,,,,,,,,,,,,,,,,1,,,,,,,,,,,,,,,,,,,,,,1,,,,,,,,,,,,,,,,,,,,,,,,,,,,,,,,,,,,,,,,,,,,,,,,,,,,
2018/09,33,38,,13,13,,18,11,16,7,5,7,18,,13,7,14,19,9,3,8,1,3,9,,2,9,14,7,6,,12,6,7,8,,6,6,12,,5,,2,,13,4,,3,1,5,10,5,6,,1,,8,7,8,5,,2,4,9,9,,,1,10,4,7,5,5,6,13,5,5,3,1,1,8,10,5,,4,,,10,8,8,1,6,5,1,,7,1,7,,5,5,,4,,5,6,7,5,4,5,2,6,,,3,4,,6,1,,4,2,3,,0,3,3,,,3,1,1,,3,,,2,5,5,5,2,1,,8,3,4,3,4,2,1,4,6,5,1,,2,9,3,,3,3,3,,,3,,,6,,1,2,4,1,9,3,5,,4,4,1,1,,3,4,4,3,1,5,,,6,,,3,3,1,3,,,1,3,3,,,,2,,5,,,3,,,,1,4,1,,3,,3,,2,1,3,,2,3,4,4,4,,2,4,,4,,3,,,2,1,3,,4,,4,2,3,3,2,4,4,2,,2,,3,,,1,2,,,1,,,3,2,4,4,1,,5,5,3,,1,,4,2,1,,1,,,7,2,,1,2,9,,,,,4,1,,,,2,5,3,,,1,2,1,2,,4,,,,,1,1,1,1,,3,,1,1,1,,2,,,,4,,1,,,3,,2,,1,3,2,1,,3,1,,,1,,1,2,,3,,1,,,2,,1,,,,2,2,,1,,1,4,1,,,1,,3,,1,4,,,1,,,,,2,2,,3,,1,1,,1,2,,,,,,,,1,,,1,,,,,,,,1,1,,,,,,,,1,,1,1,,3,,,,,,,2,,4,1,,,5,,4,,2,,,,,1,,,,1,,2,,,,2,,,,,,,,,,,,,3,,,,,,1,,,,,,,,4,,2,,,,,,,,,,,,,,,1,,,,,,3,2,3,1,,,,1,,,2,,,,,2,,1,4,,1,,,,,1,,,,,,1,,,,,,,,,,,,1,,,,,,,,,,2,,1,4,3,1,,,,1,,,,,1,,,,,,,,,,,,,,,,,2,,1,,,,,,1,,,,,,,,,,,,,,,,,,,,,1,,,,,,,,,1,,,,,1,,,,,,,,,,,,,,,,,,,,,,,,,,1,,1,,,,,2,,,,,,,,,0,,,,,,1,,,,,,,,,,,,,,,,,4,,,,,,,1,1,,,,,,,,,,,,,,2,,,,,,,,,,,3,,,,,,,,,,,,,,,,,,,,,,,,1,,,,,,1,,1,,1,,,,,,,,,1,,,,,,,,,,,,,,,,,,1,,,,,,1,,,,,,,,,,,,,,,,,,,,,,,1,,,,,,,,,,,,,,,,,,,,,,,,1,,,,,,,,,,,,,,,,,,,,,,,,,,,,,,,,,,,,,,,,,,,,,,,,,,,,,,,,,,,,,,,,,,,,,,,,,,
2018/10,47,66,,34,25,,34,21,26,14,16,21,19,,14,19,31,15,6,17,19,12,20,18,,15,19,20,13,12,,39,16,9,11,,24,28,10,,8,,4,10,13,4,,7,16,12,7,8,13,,17,,7,14,14,15,,6,10,2,15,,,12,6,11,6,8,4,9,7,2,14,10,5,8,9,22,6,,21,,,24,9,7,4,8,13,18,9,7,13,,1,3,3,2,6,,10,6,14,3,11,5,3,4,,,9,10,,15,3,,9,7,8,,8,4,11,,,5,5,6,,5,,,21,4,3,10,6,2,,5,5,8,8,4,1,4,6,8,8,1,,4,12,4,5,10,6,8,,1,10,,,14,,3,6,5,3,,2,6,9,12,17,2,6,,3,2,2,3,1,,,,4,11,,5,4,1,2,4,,,3,1,,,,2,,4,,3,2,2,,,3,1,1,,5,4,5,4,4,10,17,,11,2,5,4,3,,3,4,,9,,5,2,,5,6,3,6,1,,,2,4,5,6,10,1,2,3,4,,3,,,3,8,,8,2,2,,2,3,1,1,4,,7,2,2,,1,,,,5,,2,3,4,1,2,5,2,6,8,,,,,1,4,,,,2,12,1,9,,4,3,1,5,,,,,1,1,6,1,,1,,1,5,2,3,1,4,1,,2,,7,2,3,7,,7,,1,3,6,3,5,2,,6,4,,,3,,5,4,,7,,3,,,2,,3,4,,,1,2,4,3,,3,1,3,,6,5,,,,3,2,,6,2,,,1,,6,2,,3,,2,1,,2,4,,12,,,4,,,1,3,,5,,,,,,4,,2,11,,5,,,1,2,,5,1,3,,,1,2,1,,,,1,1,,3,4,,,2,5,4,,2,2,1,,,3,3,,2,2,,2,,1,3,3,1,4,,,,,,,,3,,,2,,,,,,,,3,,,2,,,2,,3,,,,,2,,,,,,,,1,,1,,,1,,,2,1,3,1,,3,1,,,,7,,2,,1,5,,1,2,,,,,,,2,,,,,,2,,,1,1,4,,,,,3,,1,,6,,,,5,,,2,1,,,1,2,1,,,1,1,1,,,,3,,,,,,1,,,,2,,,,1,,1,1,,2,,1,2,,,0,1,,,,,3,,,2,,,,3,1,,2,,,,,1,,,,,,,,1,2,,,,,,,,,,,,4,,3,,2,,,,,,,,,,,,,,,3,1,,2,,,,,,,,,,,,,,,,,1,,,,,,,,,,,,,,,2,,,,,1,,,,,1,,,,,,,,,,,,,,,,,1,,,,,,,,,,,,,,,,,,,,1,,,,,,,,,,,,,,,,1,,,,,,,,3,,,,,,,,,,,,,,,,,,,,,,,,,3,,,,1,,,,,,,,,,,,,,,,,,,,,,,,,1,,,,,,,,,,,1,,,,,,,,,,,,,,,,,,,,,,,1,,,,,,,,,,,,,,,,,1,,,,,,,,,,,,,,,,,,,,,1,,,,,,,,,,,,,,,,,,,,,,,,,,,,
2018/11,44,,,46,16,,44,33,15,13,11,14,22,,23,14,17,10,15,9,15,27,23,15,,18,18,26,13,16,,14,15,11,11,,10,40,6,,17,,2,22,24,6,,13,20,7,12,6,15,,14,,8,8,13,13,,11,7,16,9,,,6,13,10,2,7,5,15,13,9,6,7,7,8,6,16,7,,9,,,11,11,3,4,7,18,15,18,9,9,,5,5,3,9,11,,13,4,16,8,10,4,1,7,,,6,8,,3,7,,6,11,7,,7,10,3,,,7,3,6,,8,,,6,6,4,11,6,4,,2,4,9,10,6,2,7,1,5,6,13,,1,14,2,3,1,8,5,,2,6,,,12,,2,7,8,7,9,1,4,11,8,12,14,5,,7,5,1,2,4,,,,3,9,,2,9,13,4,4,,,7,10,,,,5,,7,,,1,4,,,11,0,4,,3,1,10,2,5,4,11,,4,,2,,2,,1,1,6,3,,6,3,,3,4,1,7,1,,2,4,1,7,3,1,3,3,8,4,,6,,,4,5,,11,4,,,1,1,6,2,10,,6,3,2,,9,,5,2,6,,0,8,2,5,5,10,3,3,12,,,,,2,2,,7,,1,6,1,3,,2,7,4,2,0,,,,3,1,9,3,,6,,1,3,3,4,2,4,3,,2,,7,1,2,2,,3,,2,2,2,4,3,1,,5,,,,4,,4,4,5,4,,4,,,1,,,4,2,,3,5,1,11,,3,2,1,,1,,,,,2,2,,4,4,,24,1,,1,4,,4,,1,3,,,2,,,,,1,,,2,1,,,,,,,1,1,,1,3,,2,,,4,2,,1,4,3,,,,1,3,,,,1,7,,1,3,,,,8,1,,4,2,3,,,1,1,,,6,,1,,1,1,3,,1,,,,,,,,,,,2,,,,,,3,,2,,,6,,,,3,,,,,1,4,,,,,,,,3,4,1,,,2,,,8,4,3,,1,2,1,1,,,,,2,,2,4,4,1,,,,,,,2,1,,2,,,,0,,,1,1,2,,6,,,6,,2,,2,,1,,5,,,2,1,,1,,5,2,,,2,1,2,,,,,,,,,,,,,,1,,,,2,,1,1,,2,,2,1,,,2,,,,,4,,,,1,,,,5,,,,,,,,4,,,,,,,,1,5,,,,1,,,,,,,,,2,1,,5,,,,,,,,,,,,,,,1,,,1,,,,,,,,,,,3,2,1,,,,5,,1,,,,,,,,,,,,,1,,,,2,,,,2,,,,1,,,,,,,,,2,,,,,3,,,,,,,,,,,2,,,,,,,,,,1,,,,,,,,,,,,,,,,1,,,,1,,1,,,,,,,,,8,1,,,,,,,,,,,,,,,,,1,,,,1,,,,,,,,,,,1,,,,,,,,,,,,,,1,,,,,,,,,,,,,1,,,,,,,,,,,,,,,,,,,,,,,,,,,,,,,,,,,,,,,,,,,,,,,,,,,,,,,,,,,,,,,,,,,,,,,,,,,,,,,,,,,,,,,
2018/12,41,,,21,34,,22,27,13,12,20,5,52,,8,12,39,24,11,10,18,33,19,23,,26,17,9,8,26,,44,8,3,10,,22,12,18,,13,,5,17,14,14,,9,17,13,19,14,19,,4,,22,7,10,13,,9,13,14,4,,,15,7,14,6,4,9,11,8,9,8,14,9,2,12,18,5,,5,,,13,14,4,15,9,13,16,10,12,10,,2,10,5,8,10,,13,4,4,6,8,8,,2,,,10,9,,3,7,,7,6,4,,4,11,3,,,7,6,3,,5,,,32,2,5,8,4,5,,7,8,7,7,2,11,7,5,4,5,3,,6,8,,2,2,4,9,,3,9,,,22,,2,5,1,3,6,10,2,1,5,6,5,12,,3,2,5,15,4,,,,5,9,3,7,8,4,1,4,,2,6,8,,,,4,,2,,1,4,5,,,2,7,6,,1,3,3,2,11,,11,,17,6,5,4,7,,6,3,,4,,,2,,3,,4,3,6,,5,4,1,4,1,2,1,1,2,1,,10,,,1,6,,18,1,,,3,5,6,1,1,,6,3,10,,5,,3,5,3,,2,2,2,3,1,2,,1,6,,,,,1,3,,,,4,3,1,4,,6,1,7,3,2,,,,1,2,,1,3,2,,2,2,2,7,5,4,1,,2,,3,5,2,2,,4,,2,3,,4,3,9,,,3,,,2,,3,2,5,1,,4,1,,4,,2,7,,,4,5,2,2,,,4,7,,2,2,,2,,1,,,1,4,,3,2,,5,2,,,,3,1,2,3,2,,4,,,,,,2,1,,2,,,,,2,,,1,1,,1,,,2,1,,1,4,2,,,3,3,2,,,5,9,2,,1,,,,3,1,,,4,2,1,,,1,1,,,1,,3,,1,8,,4,2,,,,,,,,2,,,3,,,,,,,,1,,,1,,,,1,,,,,3,1,,,,,,,,3,,,,,,,,1,,1,1,3,,2,4,,,4,,4,,4,5,,2,1,,2,,,,,1,,6,,,,3,,,,,3,,1,1,,,,1,,3,,4,,4,,,,1,,1,2,,3,,,1,2,4,,,,4,,,,,,,,,4,1,,,3,1,,1,2,,1,,4,1,,,2,,,,,1,1,,,,,,3,1,3,,,,,,,,,,,,,,,1,,,,,,1,,,,,,,1,,,,3,,,2,,,,,,,,,,,,,,,4,,,,1,,,,,,,,,1,,,,1,,,,,,,,,,,,,,,,,,,,,,,,,,,,,,,,,,,,1,,,,,,1,,,,,,,,,,,,,,,,,,,,,,,,,,,,,,,,,,,,,,,,,,,0,,,,,,,,,1,,,,,,,,,,,,,1,,,,2,,,,1,,,,,,,,,,,1,,,,,,,,,,,,,,2,,,,,,,,,,,1,,,,,,,,,,,,,,,,,,,,,,,2,,,,,,,,,,,,,,,,,,,,,,,,,,,,,,,,,,,,,,,,,,,,,,,,,,,,,,,,,,,,,,,,,,
2019/01,38,,,30,18,,13,21,15,11,13,10,22,,6,7,18,18,7,6,8,9,6,12,,25,6,10,18,15,,10,17,1,7,,11,11,13,,11,,8,6,12,11,,8,7,6,9,8,7,,2,,8,7,4,9,,8,4,4,6,,,3,2,4,6,4,4,4,11,4,8,11,11,,15,9,8,,2,,,6,7,3,4,7,4,7,8,7,5,,1,4,2,4,8,,3,4,4,6,7,6,1,11,,,4,3,,5,4,,6,4,2,,1,3,1,,,6,5,3,11,2,,,7,7,1,2,2,7,11,6,5,8,2,4,4,5,3,6,4,2,,3,3,1,5,6,6,6,,3,2,,,6,,,3,2,2,5,6,3,1,9,5,2,8,,1,3,,5,5,,,,2,,4,1,6,7,3,7,,8,2,3,,,,3,,2,,,7,3,,,9,4,5,,2,2,4,1,1,,5,,6,1,2,4,2,,2,2,,1,,,3,,3,3,1,2,3,,2,3,1,3,2,2,4,5,2,2,,2,,,5,1,,10,4,,,4,2,1,2,2,,4,5,2,,4,,1,2,2,,2,3,3,,2,3,1,1,5,,,,,3,3,,,,1,2,,2,,5,4,4,,,,,,,,3,3,,3,,,3,,4,,3,2,,2,,2,3,3,6,,1,,3,6,,3,1,1,,1,,,,1,,2,2,1,2,,3,,,2,,3,,,,4,4,4,1,,1,3,1,,0,,,2,,1,2,,1,3,,4,3,3,3,1,,,,,3,,2,4,,,,,,,,1,3,,1,,,,,3,3,,2,,,1,,,3,1,,3,1,3,,,1,2,2,,,1,,1,,1,1,,,2,1,3,,1,,3,,,,5,,,2,,1,,,2,1,2,1,,,,,3,,,,,,2,,,,,,,,,,,2,,,1,2,3,,,,4,1,,,,,1,,,,1,1,,,1,,,2,1,,2,1,1,,2,,,1,,,,2,4,,2,,,2,,,,1,,,3,,,,3,,,2,1,1,,1,2,,3,,,,,,,,,,,,1,,2,3,,,,,,,,,,,1,,,,,,,,,2,,,,1,1,,1,2,,1,,3,1,,,1,,,,,2,1,,,1,,,,3,,,,,,,,2,2,,,,,,,1,,,,,,1,,,,,,,,,,,1,,,,1,,,,,,,,,,,1,,,1,,1,,1,,,,,,,,,0,,,,,,2,,,,,,,,,,,,,,,,,2,,,,2,,1,,1,,,,,,,,,,,,,,,,,,,,,,,,,,,,,,,,,,,,,,,,,,,,,,,,,,,,,,,,,,,,,,,,,,,,,1,,,,,,,,,,,,,,,,,,,,2,,,,,,,,,,1,,,,,,,,,,,,,,,,1,,,,,,,,,1,,,,,,,,,,,,,,,,,,,,,,,,,,,,,,,,,,,,,,,,,,,,,,,,,,,,,,,,,,,,,1,,,,,,,,,,,,,,,,,,,,,,,,,,,,
2019/02,72,,,38,35,,27,47,22,34,16,20,34,,16,33,22,28,19,14,19,24,20,13,,41,18,25,33,21,,15,15,9,15,,19,20,14,,14,,13,16,17,13,,29,16,14,10,5,12,,21,,14,12,14,8,,17,12,12,13,,,13,12,16,11,2,20,4,4,8,24,4,19,6,3,10,5,,6,,,8,12,14,4,15,14,17,12,5,14,,8,11,7,14,6,,12,13,10,7,8,4,5,13,,7,11,5,,10,5,,3,10,4,,5,13,14,,,7,7,6,,11,,,9,6,8,6,8,4,26,13,4,8,5,3,10,6,8,6,18,12,,8,1,9,4,9,9,11,,3,3,,,11,6,7,4,10,3,9,11,2,5,4,8,2,6,,4,5,10,1,4,,8,,12,,8,7,8,3,10,5,,7,4,1,,,,8,,6,,3,13,7,,9,8,5,5,,6,5,3,6,4,,6,,12,4,5,4,4,,2,5,,4,,6,2,,5,3,7,5,4,,8,1,3,10,,3,4,3,2,3,,1,,5,4,1,,15,5,1,,3,3,3,2,3,,6,6,3,,3,12,1,3,6,,4,5,7,1,7,2,3,6,6,,,,,2,4,,,,3,7,5,1,,1,4,3,3,5,,,,2,1,1,6,4,5,,4,2,1,5,3,4,6,,2,,5,3,2,3,,5,,1,5,1,4,5,,,1,1,,2,5,4,2,3,6,2,,4,7,,3,,2,2,,,3,6,3,5,,4,1,4,,,3,,3,,4,7,,5,1,,6,,2,,2,,1,,4,4,,2,2,,7,,,4,,,1,3,,2,,1,,,,5,,2,1,,2,,,5,1,,6,3,4,,,3,3,1,,,1,1,2,,2,2,2,,3,2,1,,1,5,5,,,2,2,,,1,,2,,4,,1,,1,,,,,4,,,2,,,7,,,,,,,,,,,1,,,3,1,3,,,,,3,,1,,1,6,,,3,,,,,3,,,1,1,1,1,3,8,2,2,,,5,,8,,2,4,,1,,,2,,,,,,,1,,,,3,,,4,1,1,,2,,3,,,,,2,,1,,1,,,5,,,1,6,2,2,,,,,,,,,2,,,,,,,,,2,1,,,,,,3,2,,2,,2,1,,,,,,4,,,2,,,1,,,,,4,,1,,,,,1,9,,,,,,,,1,,,,,1,2,,,,,,,,,,2,,,,1,,,,,,,,,,,,,1,,,4,,,,,,,,,,,1,,,,2,,3,,,,,,,,,,,,,1,,,,,,,,1,,1,,3,,,,,,,,,2,,,,,1,,,,,,,,,,,,,,,,,,,,,1,,,,,,,,,,,,,,1,,,2,,,2,,1,1,,,,,,,,,,,5,,,,,,,,,,,,,,,1,,,,,1,,,,,1,,,,,,,,,,,,,,,,,,,,,,,,,,,,,,1,,,,,,,,,,,,,,2,,,,,,,,,,,,,,,,,,,,,,,,,,,,,,,,,,,,,,,,,,,,,,,,,,,,,,,,,,,,,,,,,,,,,,,,,,,
2019/03,53,,,19,14,,10,16,17,22,6,8,10,,8,18,7,16,10,10,13,12,14,12,,11,11,13,9,14,,16,18,8,7,,6,8,11,,11,,8,4,14,16,,6,9,16,4,15,10,,9,,11,3,6,2,,9,5,7,7,,,7,1,2,7,4,4,6,7,2,10,3,6,5,8,3,6,,5,,,7,5,4,15,9,9,9,11,11,7,,1,5,3,11,4,23,12,4,3,3,6,3,2,4,7,11,10,2,,4,2,,3,2,3,,6,7,6,,,4,4,4,,4,,,4,7,2,5,2,4,,4,2,5,3,4,5,3,6,7,5,5,,1,3,7,1,4,2,4,1,2,4,,,4,14,8,3,2,1,1,3,3,3,2,5,8,3,,4,1,2,5,6,,,,4,,3,3,3,2,3,6,,8,5,1,5,17,,3,,8,,2,6,5,,12,3,4,5,,5,1,4,4,1,3,4,,5,1,5,1,,,2,3,,,,,5,,1,4,5,5,6,,1,3,1,8,,2,1,1,2,2,,3,,6,2,1,,6,3,1,,8,2,2,2,1,,1,1,2,,3,,1,2,2,6,3,,5,1,4,1,3,3,,,,,,2,,,,,,3,1,3,,4,2,2,7,4,,,,2,2,1,1,2,1,,4,1,3,3,1,4,1,,5,,3,2,2,2,,3,,,1,1,2,4,,3,2,,,3,1,9,,,2,1,,1,5,,3,,4,3,,,,2,1,,,3,4,1,,1,1,,,,,3,,1,,,4,1,4,2,2,2,3,,1,3,3,,2,,2,,,1,,,2,1,,4,,4,,,,1,,3,2,,2,6,,,4,,1,4,2,,,5,1,3,,,,2,1,,1,5,2,,1,1,3,,1,,1,,,,4,2,,2,,2,,1,3,4,,3,,,,,,,,3,,,1,,,,,,,,1,,,,,,,1,2,,,,4,,,2,,4,2,,,,,2,,,,,,,1,,,2,1,1,1,3,,1,,4,,,2,,,,,,,,,1,,,3,2,,,1,,,1,,,,1,5,,,,1,,,,1,,,,,,1,,,1,,,,,,1,1,,,1,1,,,,,,,,,,,1,,1,,,,,,,,1,4,,,1,,,6,,,2,,,,,,,1,,,,,,,,1,8,,,,,,,,1,,,,,,1,,,,,,,,,,,,,1,,,,,0,,,,,,,1,,,1,,4,,,,,,,,,,1,,,,,1,,,,,,,,,,,,,,,,,,,,,,,,,,1,,,,,,,,,,,,,,,,,,,,,,,,,1,,,,,,,,,,,,,,,,,,,,,,,,,,,2,,,,,,,,,,,,,,,,,,3,,,,,,,,,,,,,,,,,,,,,,,,,1,,,,,,,,,,,,,,,,,,,,,,,,,,,,,,,,,,,,,,,,,,,,,,,,,,,,,,,,,,,,,,,,,,,,,,,,,,,,,,,,,,,,,,,,,,,,,,,,,,,,,,,,,,,,,,,,,,,,,,,
2019/04,53,,,47,27,,18,36,18,17,7,3,24,,14,22,6,6,21,15,22,25,14,14,,7,13,16,10,12,,10,13,6,17,,16,5,8,,13,,17,10,15,9,,12,7,11,16,8,10,,10,,10,12,8,10,,15,11,6,10,,,13,3,7,5,6,3,6,12,6,5,2,9,2,16,12,8,,11,0,,8,8,0,3,2,18,13,7,6,7,,12,8,9,7,5,29,21,7,13,8,12,10,12,11,,23,3,3,,1,8,,9,5,3,,1,8,8,,,5,4,6,,8,,,8,4,6,5,1,2,,9,2,3,2,4,2,4,6,4,5,,,6,3,6,9,10,4,5,2,3,9,,,2,14,,3,4,8,4,2,1,3,2,3,4,4,,1,5,2,2,4,,,,,,10,4,9,,1,1,,4,4,3,28,16,,2,,4,,4,3,2,,7,5,7,7,,8,4,2,2,,5,9,,13,5,2,3,1,,5,5,,6,,4,,,3,,8,4,2,,2,2,,7,5,,5,8,7,2,,,1,8,3,2,,4,8,4,,6,8,4,5,3,5,4,4,5,,7,,2,11,1,17,15,6,,,4,4,2,6,6,,,,,3,3,,,,1,11,2,4,,4,1,1,4,7,,,,2,3,1,4,3,1,,2,3,3,2,7,1,2,,4,,4,5,5,4,,1,,5,4,,1,,1,13,3,4,,3,,5,1,2,3,7,,,10,,1,,,6,,,3,1,1,4,,1,4,1,,3,4,,1,,5,1,,0,,,1,1,8,,1,,,,2,2,6,7,4,,,,,,,,,2,,1,,12,,,8,,,3,5,,1,5,,3,,,3,3,4,3,,10,1,5,,,2,1,2,,4,4,4,,3,7,1,,,2,1,,,12,2,,,1,,,,,1,,1,,,,,,6,,,2,,4,2,,,,,,,,,,,,,,,4,2,,,,1,,,3,,5,4,,,2,3,,,,1,,,3,2,1,1,,2,2,2,10,,1,,1,,3,1,,1,0,,4,,,,,,,4,5,,,,,,1,,1,,2,,2,3,,1,,,,2,,3,,,0,1,,1,2,2,1,,,5,3,1,,,,3,,,,,,4,,,1,,2,,1,1,,,1,,3,,,,,,1,1,,,,,,,,3,,,0,1,1,,1,,,,,2,3,,,,2,,,,3,,,,,1,3,,,,,,1,,,,,,,2,,,,,3,,,,,,,,,,1,,5,,1,,,,,,,,1,2,,,,1,,1,,,,,,,,,,,,,,,,,,,,,,,,3,1,1,,,,,,,,1,,,,,,1,,,,,,,,,1,1,,,,,,,,,,2,,,,,,,,,,,,,,,,1,,,,,,1,3,,,,,,,,4,1,1,,,,,,,2,,,,,,,,,,,,,,,,,,1,,,,,,,,,,,,,,,,,,,,,,,,,,,,,,,,,,,,,,,,,,,,,,,,,,,,,,,,,,,,,,,,,,,,,,,,,1,,,,,,,,,,,,,,,,,,,,,,,,,,,,,,,,,,,,,,,,,,,,,,,
2019/05,73,,,33,31,,23,25,24,16,15,12,11,,22,15,15,10,18,9,15,29,18,17,,11,15,6,9,14,,15,12,20,12,,12,19,6,,13,,9,21,17,12,,7,15,9,7,4,12,,4,,3,17,6,9,,12,10,12,6,,,8,8,11,17,8,7,7,11,6,4,4,6,2,7,11,10,,10,18,,7,8,5,7,5,6,14,17,7,11,,6,8,8,6,5,22,22,4,12,10,5,3,12,5,10,12,6,7,,5,4,,2,6,7,,6,13,8,,,5,4,1,,8,,,5,4,6,6,3,1,,3,4,,8,9,1,2,7,2,2,4,,5,2,5,7,3,4,6,1,6,3,,,1,11,8,1,3,8,4,2,5,2,5,4,2,3,,6,8,4,2,2,,2,,3,,4,3,6,4,8,4,,2,3,4,13,22,,7,,3,,5,2,3,,9,14,3,,,2,3,3,9,,5,5,,2,6,4,3,2,,2,5,,3,,1,4,,8,11,4,,,,9,3,3,5,6,4,2,6,9,3,,6,7,9,2,3,,9,2,9,,1,3,2,2,10,4,2,8,6,,2,,4,1,7,,3,9,2,1,1,12,3,3,4,,,,,3,2,,,,2,5,2,2,,3,4,5,2,4,,,,2,1,2,6,7,2,,2,3,2,3,1,,1,,8,,5,4,1,3,,,,4,2,2,1,6,,9,1,,,,2,4,1,4,1,9,,2,4,,2,,4,,,2,3,3,2,,,4,12,2,,1,,,2,,1,,,2,,,6,1,3,3,3,4,2,,1,,1,3,1,,,2,,3,,,1,2,,,,7,,,1,2,,2,1,,,3,,,1,,3,,2,6,,3,4,3,,,,1,1,,1,2,9,,4,3,2,,2,,1,,,2,1,,,,,2,,2,1,2,3,2,,,,,,,,3,,,,,,,,,1,,5,,,1,,,2,6,3,,,,3,3,,3,,5,7,,,,5,5,,,1,,,,,3,2,2,3,,1,3,,,1,1,,1,,,1,,,1,,,,,,,,2,,,2,,,,1,,,1,2,2,1,,1,,0,,3,,3,,,,,,,1,1,1,,,1,,3,,,,,,,,,,1,,,,2,1,,3,2,,,,,1,,1,,,,,1,,3,,,,,,1,,,,1,1,,,,,,,,7,,,,1,,1,,,,,,2,1,1,,,,,,1,,2,,1,,,,1,,,,1,,,,,,,2,0,1,1,,7,,,,,,,,,,,1,,,,,,1,,,,,,,,,,,,,,,,,,,,,1,,,1,,,,,,,,,,,,,,,,2,,,,,,,,,2,1,,,,,,,,,,,,,,,,,,,,,,,,,,,,,,,,,1,,,,,,,,,,,1,,,,,,,,,,,,,,,,,,,1,,,,,,,,,,,,,,,,,,,,,,,,,,,,,,,,,,,,,,,,,,,,,,,,,,,,,,,,,,,,,,,,,,,,,,,,,,,,,,,,,,,,,,,,,,,,,,,,,,,,,,,,,,,,,,,,,,,,,,,,,,,,,
2019/06,54,,,29,14,,13,16,18,13,12,2,10,,7,17,12,12,4,10,10,11,18,10,,1,12,7,6,16,,5,10,5,12,,18,17,9,,4,,13,12,3,6,,8,14,8,,3,7,,3,,3,6,16,7,,7,12,7,6,,,3,6,7,7,8,9,5,8,11,4,13,7,5,8,6,3,,6,20,,2,5,5,4,8,4,10,5,6,5,,2,5,4,1,5,18,12,1,7,4,6,8,13,8,,4,5,7,,3,16,,4,6,3,,5,3,6,,,6,6,2,,2,,,3,2,5,2,4,7,,4,3,5,1,6,6,1,4,3,8,3,,8,2,1,5,5,1,5,3,4,4,,,2,15,2,7,,6,4,2,2,1,4,6,3,2,,3,1,4,3,2,,,,8,,2,1,5,6,2,6,,3,5,1,1,7,,4,,2,,1,4,2,,3,2,2,5,,3,6,2,4,,2,2,,3,4,4,3,1,,5,2,,1,,1,2,,2,6,4,2,1,,2,,1,2,5,3,2,3,11,4,,1,8,8,2,2,,6,2,6,,1,2,2,5,6,1,2,1,2,,1,,1,1,1,4,,4,3,,4,,3,2,2,,,,,,3,,,,6,4,5,,,4,,5,4,2,,,,1,,,2,2,3,,6,1,2,3,3,9,1,,6,,2,2,4,1,,7,,3,1,,1,1,,3,4,1,,4,1,4,1,2,3,2,,3,1,,6,,,3,,2,,1,,1,,2,2,2,,2,2,,2,,2,4,,,,,1,,1,1,2,,1,,2,,1,2,2,,,4,,1,,,2,,,1,,2,,,,2,,,2,,2,3,,3,1,,,3,,2,,4,1,5,,,,,1,,2,3,4,,2,1,,,1,1,1,,,2,3,,,,,,,,,3,,,,,,,8,,,1,,2,2,,,,,,7,,,,,2,,,,3,,,,,1,,,,,2,4,,,,,2,,,,,,1,4,1,4,2,,0,,3,,1,5,,,,,,1,5,,1,,,,2,,,,3,,,0,,,1,1,1,,1,,,1,,,,,,1,,1,,,,,,,1,,,,,,,1,,,1,,,,,,,,,,,0,1,,2,1,,1,1,,,,,,,,,,,2,,,2,,,,,,,1,2,,1,,,,,,2,,,,1,,1,2,,,,,2,1,,,,,,,1,,2,,1,,,,,,,,,,,,,,,,5,1,,,1,,1,,,,,,,,,1,,,,,,3,,,,,,,,,,,,,2,,,,,1,,,,,1,2,,,,,,,,,,,,,,,2,2,,,,,,,,,0,1,,,,,,,,,,1,,,,,,,,,,,,,,1,,,,,,,,,,,,,,,,,,1,,,,,,,,,,,,,,,,,,,,,,,,,,1,,,,,,,,,,,,,,,,,,,,,,,,,,,,,,,,,,,,,,,,,,,,,,,,,,,,,,,,,,,,,,,,,,,,,,,,,,,,,,,,,,,,,,,,,,,,,,,,,,,,,,,,,,,,,,,,,,,,,,,,
2019/07,25,,,6,2,,6,10,5,6,7,4,7,,6,10,10,5,7,4,11,5,14,4,,3,11,3,4,2,3,4,5,8,2,,3,7,5,,4,,12,3,5,2,,10,5,1,4,1,5,,7,,2,3,5,5,,5,4,5,3,,,7,11,3,1,5,3,2,5,3,3,2,2,3,1,2,1,,2,11,,3,2,2,2,1,1,2,6,3,4,,5,5,6,1,3,5,7,1,,6,4,1,5,4,,3,2,3,,1,5,,4,7,1,,2,2,,,,2,3,2,,1,,,,4,,1,4,1,,3,2,7,,5,,,2,1,2,2,,2,1,4,4,,,6,3,3,3,,,1,3,3,5,2,5,,3,,2,2,3,1,2,,,4,3,2,1,,,,3,,3,,,6,1,4,,2,,1,,3,,5,,3,,2,5,1,,1,2,4,1,,3,,,1,5,1,,,2,1,,4,1,,,,,1,,1,1,,3,,2,3,,,,3,3,,1,1,1,1,3,1,,,6,5,,,,2,,4,,1,2,,1,3,1,,,,,,,,2,,,,,4,4,,,1,2,2,,,,,,,,,,,2,2,5,,1,2,1,5,1,,,,2,,1,,4,,,1,,1,,1,4,1,,6,,3,,,1,,1,,,,,,1,,1,2,,,2,1,2,,,,6,,2,,,1,,2,,,,2,,2,1,,,4,,,,,,1,,1,1,,1,3,,1,1,1,,,1,2,,,,,,1,,,10,,1,,,,,,1,,2,,,,,,,1,,1,2,,0,1,,1,,,,,4,,1,,,2,1,,,,,3,,1,,3,,,,1,,,,1,,,,,2,,,,,1,,,,,,,,,3,,2,,,,,,,,,2,,,,,,,2,1,,,,,,,2,,2,1,,,,,,,,2,,,1,,,,1,1,,,1,,1,4,,,,,,1,,,1,,,,,1,,,1,,,,,,,1,1,,2,2,1,1,,1,,,,1,,1,,,1,1,,1,1,,1,,,2,,,,,3,,,,,,,,,,,,1,,,,,2,,,,,,,,,2,,,,,1,2,,,,,,,,,,1,,,,,,1,1,,,,,,,1,,,,1,,,,,,,,,,,,,,,,,,,,,,,,,,,1,,,,,,,,,,,,,,,1,,,,,,,1,,,,,,,,,,,,,1,,,,,,,,,,,1,1,,,,,,,,,,,,,,1,,,,,,,,,,,1,,,,,,,,,,,,,,,,,,,,,,,,1,,,,,,,,,,,,,,,,,,,,,,,,,,,,,,,,,,,,,,,,,,,,,,,,,,,,,,,,,,,,,,,,,,,,,,,,,,,,,,,,,,,,,,,,,,,,,,,,,,,,,,,,,,,,,,,,,,,,,,,,,,,,,,,,,,,,,,,,,,,,,,,,,,,,,,,,,,,,,,,,,,,,
2019/08,87,,,34,27,2,17,16,19,10,11,8,14,,32,17,18,11,8,6,13,15,14,15,,5,16,9,8,10,1,10,13,9,11,,12,16,11,,10,,12,3,11,9,,5,13,7,5,11,7,,6,,3,10,8,8,,8,7,7,3,,,7,4,16,12,2,4,4,6,6,2,6,3,6,5,3,8,,4,9,,2,4,5,5,3,4,10,6,2,12,,9,4,20,7,4,4,14,,7,8,11,9,19,3,,15,4,4,,8,7,,8,5,9,,10,5,5,,,3,2,7,,6,,3,3,2,1,8,6,,,6,8,5,7,7,5,4,2,6,4,3,,4,2,6,2,3,5,3,2,2,2,,,3,,1,4,3,4,3,7,3,3,5,2,2,1,,6,6,4,3,5,,3,,5,,6,2,4,4,5,4,,4,6,7,,1,,7,,8,,3,6,3,4,,3,1,6,,,5,4,,2,2,2,,8,1,7,4,,4,3,2,,3,,5,,,4,6,3,1,4,2,2,6,,5,2,2,2,1,5,3,,2,2,7,5,3,,4,1,5,,3,4,1,,2,1,2,2,4,,1,,,1,3,,,6,1,3,2,2,2,3,4,,,,,,3,13,,,4,1,1,3,,5,3,3,1,3,,,,1,2,1,2,3,1,,,3,1,,1,1,3,,3,,1,,3,5,,3,,1,2,,1,4,3,1,1,2,,2,2,1,2,,5,4,,2,3,,2,,2,3,,3,,4,2,,,1,2,4,,1,1,,8,,4,,,1,1,,1,,2,,3,6,2,,2,1,,4,1,,,8,,2,,,1,,,,,,,,,2,,,4,,,,,,2,,,4,3,,,2,,5,,,1,2,,,,,5,,3,,4,,1,,1,,2,1,1,,,1,,1,,2,1,2,2,1,,,,,,,,3,,3,,,,,,,,,3,,,2,,,,4,1,,,,2,,,2,,1,1,,,1,1,,,,3,,,3,1,1,3,1,,3,1,,,2,4,,,,,,,1,,,,,,4,,,2,2,,,,,,,,,,,1,,2,,,,,,1,,1,,,2,2,,,1,,1,2,,,3,4,,,,,,,,,,1,,,,1,1,,,,,1,2,,1,,1,,,,1,1,,2,,,,,,1,,,1,2,0,,,,,,,1,1,,,,4,,,,2,,,,1,2,,,,,,,,,3,,,,,1,,,,,1,,,,,,,,,2,,,3,,1,,,,,,,,,1,,1,,,,,,,,,,,,,,,1,,,,,,,,,,,,1,,,,,,,,,,,1,,,,,,,,,,,,,,,,,,,,,,,,,,,1,,,,,,,,,,,,,2,,,,,,1,,,,,,,,,,,,,3,,,,,,,,,,,,,,,,1,1,,,,,,,,,,,,,,,,4,,,,,,,,,,,,,,,,,,,,,,,1,1,,,,,,,,,,,1,,,,,,,,,,,,,,,,,,,,,,,,,,,,,,,,,,,,,,,,,,,,,,,,,,,,,,,,,,,,,,,,,,,,,,,,,,,,,
2019/09,44,,,14,27,2,46,23,7,19,5,22,19,,29,17,3,5,7,8,8,13,16,7,,6,19,11,14,9,6,8,11,6,4,,5,10,8,,8,,11,11,6,9,,5,10,13,5,6,10,5,11,,11,4,8,21,,7,4,3,9,,,8,9,7,3,12,7,8,14,12,5,10,2,6,6,12,9,,2,11,,5,9,1,4,6,3,11,3,5,18,,9,7,1,4,7,8,6,4,7,4,1,13,5,2,,11,4,6,,1,7,,3,2,5,,8,2,3,,,3,3,6,,7,,12,3,2,3,7,4,2,,5,6,4,,5,3,5,2,7,1,2,,3,1,,2,1,5,4,3,3,3,,,2,3,4,7,8,1,2,1,4,6,3,3,8,4,,6,4,6,3,,,5,,5,,9,5,3,11,1,4,,5,3,2,,4,,1,,,,3,2,3,6,,2,6,5,,5,7,6,8,4,3,5,,3,4,1,2,4,9,5,2,,2,,6,3,,3,2,2,6,1,9,3,1,4,3,2,2,4,3,7,3,,1,4,4,3,4,,2,2,6,,,3,2,5,4,4,1,3,7,,1,,1,1,2,,,1,,5,5,1,1,7,,,,,,21,4,6,,,5,,4,2,,2,2,1,2,2,,,,3,2,,1,2,,,2,4,4,2,3,2,1,,4,,1,1,,2,,,,5,3,2,2,1,1,2,1,1,,,,,6,3,4,2,,1,1,,5,,,1,,2,3,2,3,4,,1,2,4,,3,3,,1,,1,3,,,1,,10,5,3,1,,1,2,,2,1,5,2,,,,3,,2,,,,,,3,,2,,,1,,,3,2,,1,3,,1,2,,4,2,1,,,1,2,3,,,3,,1,,,3,1,,2,1,2,,1,,2,,2,1,,,,1,,,,3,1,1,1,,,,,,,,,,,3,1,,,,,,,1,3,,,2,,,1,2,4,,,,4,1,,1,,,,,,1,5,0,,,,,,1,,,2,,,,0,,,,2,,2,1,3,,1,2,,1,,,,3,,,,4,,,,,,,,4,,1,1,1,2,,,,1,,1,,1,,,1,1,,,2,2,1,,,1,,1,,,,,,,,,,2,,,,1,2,,1,,,,1,,1,,1,,,,,2,,1,,2,2,,1,3,,,,2,5,,1,,,,,,,1,,,4,,,,1,,,,,2,2,,,,,,1,,,,,,,2,,,,,1,,,,,,,1,3,2,,,2,,,,,,,1,,,,,,,2,,,1,,,,,,,,,,,1,,,,,,,2,,,,,1,1,,4,,,,,,,,,,,,,,,,,,,,,2,,,,,,,,,,,,,1,3,,,,,,,,,,,,,1,,,,,,,,,,,,2,,,,,,,1,,,,,,,1,2,,,,,,,,,,,,,,,,,,,,,,,,,,,,,,,,,,,,,,,,,,,,,,,,,2,1,,,,,,,,,,1,,,,,,,,,,,,,,,,,,,,,,,,,,,,,,,,,,,,,,,,,,,,,,,,,,,,,,,,,,,,,,,,,,,,,,,,,,,,,
2019/10,66,,,21,62,16,110,80,26,18,32,43,52,,74,40,22,21,38,31,31,50,17,68,,35,61,70,40,17,17,11,40,32,41,,22,15,51,,11,,13,28,22,24,,23,49,25,27,11,46,38,42,,14,60,34,20,,25,30,29,32,,,25,34,23,7,38,12,27,25,20,22,24,13,20,30,24,23,,27,33,,24,25,33,11,10,27,60,27,26,21,,5,17,36,14,24,27,37,19,6,12,12,25,5,12,,28,11,12,,18,15,,10,24,14,,13,10,15,,,16,24,13,,15,,34,9,17,11,16,11,8,,7,3,4,10,19,3,15,11,18,11,18,,9,2,15,15,12,19,6,5,10,9,,,3,13,11,14,18,4,3,8,16,7,11,9,14,12,,7,22,9,4,9,,24,,4,,10,12,12,25,4,13,,13,6,7,,13,,15,,9,,11,5,9,20,7,6,16,20,,14,4,15,6,5,14,13,,26,16,3,10,5,51,7,7,,11,,15,7,,14,6,7,7,8,28,9,4,6,12,15,9,12,16,29,7,,4,18,9,16,12,,8,9,6,,10,5,11,10,18,8,2,6,9,,8,,7,11,7,,,9,5,19,7,15,10,,11,,16,,,45,8,8,,,6,,5,13,,1,14,6,6,12,,,,5,8,4,11,7,4,,10,3,9,5,7,4,1,,10,,11,10,7,1,,4,,6,10,3,14,8,4,11,,5,,12,,1,3,3,7,11,,6,12,,2,,12,9,,9,6,6,8,,,6,15,4,,6,7,,3,,10,2,,1,6,,10,7,7,6,15,8,5,,5,1,4,9,3,,,12,,5,,,2,4,,7,,7,,,18,4,,2,3,,,8,,5,10,,1,1,9,0,,3,2,3,,,8,3,9,,8,9,5,,8,2,12,,3,4,4,,9,4,1,,,11,,5,,2,3,2,2,2,,,,,,,,2,,5,,,,,,,5,5,6,,,5,,,5,12,5,,,,3,2,,2,,3,14,,,5,6,4,,,8,,,3,,5,2,12,4,,2,,,1,1,6,7,4,2,,5,0,,6,,,,2,13,,2,7,,,4,7,,10,6,1,,6,4,5,6,,2,,3,,,,4,,,6,2,,5,3,5,6,1,,6,1,2,,,7,,,,,,,3,,,10,8,,,6,,,1,3,,,,1,2,,,,4,,2,,,3,,7,2,,,6,2,1,,,,,,,,,3,10,,4,,5,1,,,,,2,4,2,,,,,,1,,1,,,,1,2,,,,,,,,,,,,,,2,,,,,5,,,,,4,,,,,,7,12,4,,,,,,,,,,,,,5,,1,,,,,2,,,1,3,1,2,1,1,,,,,,,,,,,,,,,,,,,,,1,,2,1,,,,,,,,,,1,4,,,,,,,1,,3,,,,,,,,,,1,,,1,,,,,,,,,,,4,,,,,,,1,,,,,,1,,,3,,,1,,,,,1,1,,,,,,,,,,,,,,,,,,,,,,,,,,,,,,,3,,,,,,,,,,,1,,,,,,,,,,,,,,,,,,,,,,,,,,,,,,,,,,,,,,,,,,,,,,,,,,,,,,,,,,,,,,,,,,,,,,,,,,,,,
2019/11,66,175,,63,112,7,153,52,22,62,39,165,30,,48,43,39,64,33,34,35,45,20,44,,58,60,42,53,15,18,26,28,54,25,,26,19,57,,38,,18,24,24,25,,57,29,24,27,16,33,39,31,,18,15,15,33,,16,47,28,30,26,,21,40,24,17,67,36,27,17,18,16,6,28,14,18,23,18,,52,23,,27,26,38,9,15,19,35,27,15,26,,4,24,15,10,15,18,26,20,11,9,4,17,6,9,,23,3,5,,19,17,,12,12,14,,9,6,31,,,6,10,7,,9,,16,14,13,25,18,21,14,,6,6,7,12,10,4,20,8,18,5,6,,8,7,7,13,9,16,8,,5,5,,,2,18,6,11,14,4,2,7,17,5,12,7,34,13,,3,13,7,4,11,,22,,4,,13,5,12,20,5,17,,5,5,4,,16,,12,,8,27,8,5,14,29,16,4,13,12,11,16,13,11,11,6,10,6,,10,4,1,6,7,20,14,3,,16,,7,10,,5,15,5,7,6,12,6,23,20,10,10,9,12,8,13,12,,9,16,8,14,13,,4,6,3,,9,9,4,7,8,9,3,12,8,,6,,4,8,,,18,14,5,8,8,15,8,6,12,,,,,5,7,14,,,2,5,6,11,2,6,10,4,2,9,,,,8,5,9,10,6,1,,4,5,14,3,,2,2,,13,,10,3,6,8,,3,,13,6,3,2,4,7,5,4,9,,12,5,6,5,3,8,5,,3,14,,4,,2,6,,16,3,2,6,2,3,2,2,6,,2,6,,18,,8,1,,,4,,1,8,8,8,7,14,5,,2,2,7,7,5,,,5,,2,,,4,3,,1,,2,,6,8,8,,3,6,,3,5,,6,3,,4,5,1,14,,2,9,8,,,5,4,3,,5,1,14,,3,1,2,,8,,7,,10,8,4,,,3,,4,,5,2,7,2,4,,,,,,,,2,,4,2,,,,,,2,7,7,19,,6,,,2,7,6,,,,5,7,,9,,7,11,,,3,6,3,,,5,,,2,2,2,2,10,3,8,5,4,,2,1,2,11,,3,,9,12,,5,,,,,6,,1,8,,,2,6,,3,,1,,8,5,2,1,,3,,3,,1,,1,,13,1,2,,3,4,8,5,6,,5,1,5,,,1,2,,,2,,,2,,,8,,,,4,,3,1,3,,5,,2,1,,,1,5,,,,1,,7,4,1,,,2,1,,,1,,,,,1,,4,6,,1,1,6,,2,,,,1,2,3,,,,,,3,,,,,,5,4,,,,,3,,,,,,17,3,,4,1,,,,1,,,,,3,,,6,7,,1,7,3,,,,,,,,,,,,,4,,4,3,1,,,4,,,2,,2,2,5,1,4,,,,,,,,,,,,,,,,,,1,,2,,,1,,,,,,,,,,,1,,,,,,,14,,3,,,,,,,,,,,,,,1,,2,,,,9,,6,1,,,,,,,1,,,,,,,2,,,3,,,,,1,,,,1,,,,,,,,,,,,,1,,,,,,,,,,,,,,,,,,,,,,,,,,,,,1,,,,,,,,,,,,12,,,,,,,,,,,,,1,,,,1,,,,,,,,,,,,,,,,1,,,,,,,,,,,,,,,,,,,,,,,,,,,,,,,,
2019/12,43,,,39,37,20,57,24,17,23,12,25,37,,9,18,46,20,12,19,10,32,34,22,,37,21,3,17,21,18,19,19,14,15,,14,12,5,,19,,12,13,11,10,,27,14,10,22,18,13,12,12,25,26,21,18,12,,2,27,24,13,,,20,15,8,3,6,5,6,11,7,9,9,12,7,14,7,10,,6,17,,18,6,2,19,10,9,11,6,3,16,,3,11,7,5,14,6,14,17,7,17,4,7,3,15,,11,12,3,30,9,5,,12,3,7,13,10,9,5,,,9,6,6,,10,,18,9,10,3,19,6,16,,8,3,3,7,6,8,10,2,13,9,9,17,5,8,3,6,9,4,7,,4,3,,35,3,17,6,3,4,2,6,10,6,4,5,2,3,8,,9,6,10,5,6,,13,,12,,5,7,7,1,,14,9,9,5,6,,1,,3,14,10,26,2,7,3,16,14,2,8,3,18,4,5,2,8,12,4,8,,0,4,1,4,19,2,7,6,,4,,2,5,10,,7,2,5,5,13,,7,2,8,10,4,2,4,4,3,,8,9,8,4,6,,,4,5,,3,3,5,2,6,5,4,5,9,29,6,,2,3,4,,2,2,2,7,1,4,,4,4,,7,,,5,1,4,,5,5,,4,,10,3,8,5,4,4,,7,,1,3,2,4,1,2,,7,3,7,3,2,8,,3,5,8,11,6,3,2,,1,,2,,7,7,4,11,1,6,10,,5,1,9,2,2,3,4,,3,9,,4,5,4,5,,8,1,6,3,6,11,3,3,3,,4,1,,4,5,1,1,,1,3,8,3,3,3,1,4,3,4,,1,,1,2,3,17,,2,,1,6,,4,1,,1,,4,6,7,2,3,,,1,,4,4,,2,,10,5,1,1,7,,,3,1,,14,1,2,,,1,2,1,,1,5,,,2,,2,,7,2,3,,,3,,1,,5,3,1,2,4,3,,8,5,,,3,2,3,7,2,7,6,,,,2,,2,8,,,,6,3,2,1,6,,,3,2,,6,,6,4,11,,2,1,2,8,,2,7,5,3,5,1,2,,3,1,,7,,1,3,1,4,1,2,,1,2,,2,5,,2,1,1,,2,2,,,,1,,,,,,1,4,2,2,5,,2,2,3,1,,1,,4,1,2,,3,,1,3,2,1,1,6,3,2,,1,,3,,3,3,,4,,1,3,,1,2,4,,,3,,,1,,3,1,,1,,2,4,,,3,2,2,5,,1,,3,,1,4,2,4,,,2,2,,1,,,2,4,,,2,,,2,1,2,5,,6,,,,1,,,2,,,4,3,,,,,1,,,,,,0,,1,3,3,,,,1,,3,1,,1,,,,,,4,,2,,,2,2,,,,,,,,,,,1,3,2,,,1,,3,1,,3,,,1,,,,,,,,1,,,,,,1,,,,2,3,,2,,2,,,,,,5,4,,,,,,1,,,,1,,2,,,,,,1,,,,,,,,,,,,,,,,,,1,2,,,,,,,,2,,,,10,,,,2,,,,,,1,,,,,,,,,,,0,,,,,,3,,1,,,,,,,,,,,,,,,1,,,,1,,,,,1,,,1,,,,,,,,,,,,,,,,,,,,,,,,,,,,,2,,,,,,,,,,,,,,,,,,,,,,,,,,,,,,,,,,,,,,,,,,,,,,,,
2020/01,33,15,,23,12,13,35,15,13,23,24,15,12,,4,11,16,7,22,5,8,14,12,12,,23,10,11,5,11,15,11,10,6,6,,4,13,8,,15,,3,8,7,6,,9,6,8,6,8,14,20,4,15,,5,8,9,,3,9,6,2,,,9,10,6,4,2,2,7,3,4,7,,7,4,4,5,5,,9,9,,3,7,5,6,1,5,3,7,5,6,,1,2,5,5,5,5,7,2,9,4,3,4,,4,,5,2,2,11,10,3,,6,2,5,11,10,2,4,,,2,3,3,,3,,11,4,5,4,2,3,,,4,3,9,1,2,3,4,2,5,3,3,10,1,,,6,,3,1,,7,2,,5,2,1,6,4,4,2,4,2,3,3,3,3,,4,,3,3,2,2,2,,4,,2,,3,7,2,,3,4,9,4,2,6,,2,,3,11,1,7,4,2,,9,7,5,,,6,3,2,,3,3,2,3,,4,3,1,,1,4,2,2,,5,,3,1,2,3,1,3,4,7,4,2,4,2,7,,2,2,3,,2,,3,,,6,4,,6,,3,,4,1,3,,4,4,,,2,10,,,1,2,2,,4,3,3,2,2,4,3,2,3,,,,,4,,2,,11,2,,3,1,5,2,2,1,2,3,,6,,2,4,,,,6,,5,1,3,1,2,3,2,2,1,6,1,3,1,2,3,,,1,1,1,1,2,1,,3,1,,4,4,2,2,2,,1,2,,2,,3,7,,2,,5,1,1,,5,7,,,,,2,1,,,8,2,,,1,5,2,,3,2,2,1,1,3,0,1,3,2,2,,9,,1,,1,3,,2,,,,,2,1,4,,2,,1,,,,1,,1,3,6,,2,,3,,1,,1,,3,2,,,,2,1,,,,3,1,,,,3,,2,,1,,,,,,,1,1,1,3,,2,,5,7,,,3,,,6,,5,4,,,,1,3,,,,2,,2,,1,,2,,,,3,,,,1,,4,2,,,1,1,,1,4,,3,1,1,,,1,3,,3,,1,4,,1,,1,,,,,,3,,2,1,1,,2,,,,,2,,2,2,1,,,1,,1,2,,1,1,,1,,2,,,1,1,,,,,4,,1,1,,1,2,,,,3,,4,,,,,1,2,,2,,,,,1,,,2,,,3,,2,,,,,,1,2,5,5,1,1,,1,1,,,1,2,,,1,,,2,,,,4,1,,,,1,1,,1,1,,4,,,1,1,,,1,,,2,,,,,,2,,,,,,7,1,,1,,,,,,1,2,1,,1,,,,1,,,,1,,,1,2,,4,,,,,,,2,5,,,2,,,1,,1,1,,1,,,1,,,,,,,,1,,,,,,,,,,2,1,,1,,3,,,,,,1,1,,,,,1,,1,,1,,,,,,,,,,,,,,,,1,,,,,,1,,,,,,,,,,,,,1,,,,,,,,,,,,,,,,2,,1,,,,,,,,,2,,,,,1,,,,,,,,,,,,,,,,,,,,,,,,,,,,,,,,,,,,,,,,,,,,,,,,,,,,,,,,,,,,,,,,,,,,,,,,,1,,,,,,,,,,,,,,,,,,,,,,,,,,,,,,,,,
2020/02,118,,,74,97,497,91,103,48,23,111,79,71,0,39,52,52,45,104,98,50,58,45,61,,74,59,54,53,41,296,15,40,45,35,,26,38,30,,58,,21,36,45,28,,39,39,29,59,36,11,66,48,101,37,9,23,27,,16,40,13,15,,,18,43,18,24,28,10,20,9,12,30,11,44,45,26,24,46,,44,46,,30,21,10,29,26,9,16,33,22,18,,15,9,12,37,30,27,25,48,27,9,17,26,45,18,,18,14,17,80,16,15,,16,1,29,62,21,19,15,,,23,16,21,,15,,24,12,18,17,24,18,15,,13,15,19,8,11,16,11,22,14,9,23,63,4,2,15,12,12,7,17,1,33,11,,12,6,0,9,7,24,13,16,20,8,15,9,13,22,16,,21,11,18,17,15,,13,,14,,16,26,4,31,6,27,50,13,8,7,,19,,8,48,15,22,20,5,13,13,22,9,8,6,41,20,4,5,5,5,1,15,,22,12,9,5,1,19,12,4,,20,,15,19,34,8,5,2,35,13,17,7,8,10,7,2,9,8,3,1,6,,9,18,0,5,6,,7,3,7,,14,16,13,3,9,27,7,7,5,19,8,,10,10,8,,16,5,10,6,15,6,8,7,10,,30,,,2,12,20,,30,7,,3,10,27,10,11,1,9,4,,29,,11,12,11,14,3,6,,12,12,4,8,1,15,7,21,5,23,10,2,6,7,17,8,,5,6,7,14,1,8,13,9,7,11,5,10,13,7,12,11,9,27,7,6,,9,14,3,4,,20,13,2,7,9,9,2,4,1,,7,6,,2,22,5,1,,4,9,30,,10,12,12,2,11,6,8,5,10,4,5,4,15,,13,,10,20,,12,5,,10,,8,26,17,4,9,,2,4,,2,9,,3,6,22,7,,4,3,,,9,5,,7,5,4,3,,7,2,,,2,6,4,,1,4,5,,11,6,7,,,3,27,3,,8,5,5,3,4,6,,10,17,,,14,8,20,6,10,10,8,,11,,4,9,4,15,,2,,15,6,1,4,13,,,1,6,,6,,8,2,12,10,6,1,9,13,,1,6,16,2,4,2,5,2,8,5,7,3,,3,8,2,7,1,2,,6,1,,1,10,,16,1,8,,9,4,,,1,8,,2,11,7,,3,4,4,3,8,4,20,2,8,5,,1,,,5,2,,8,2,1,,3,5,1,,1,8,,4,,12,,11,7,,4,,15,4,5,7,9,2,,13,8,,,3,,5,1,,9,2,,15,5,,1,1,2,5,,6,,4,3,1,9,1,9,,,7,1,,3,,,6,7,2,4,,,12,4,8,5,5,,5,8,,13,6,,,4,,,6,,,,,,5,,,,,,4,,1,,2,,,,3,4,3,6,,3,3,,1,2,,4,,1,,,6,7,,4,,,,,,,3,4,,8,3,,,2,,7,2,,,,2,7,,,1,,,1,,1,,,,,,,,,8,1,4,,1,,1,1,,,,,4,3,,3,,,3,4,7,,15,1,,,,7,6,4,,1,,,,,,,4,,1,1,,3,3,3,,,,1,1,,,,,,4,3,1,2,7,3,,,3,6,,2,1,,,,2,2,,1,2,,,,,,1,2,4,,,,,,,4,,,,,,,,,,,,,,,,1,,,1,,,,,2,,,,,,,,,,,1,,,,,,,,,,,3,,,,,,,,,,,,2,,,,,,,,,,1,,,,,,,,,,,,,,,,,,,,,,,,,,,,,,,,,10,,,
2020/03,103,,,62,83,436,40,67,27,50,152,67,45,537,18,35,48,42,118,169,32,56,44,19,,34,2,36,51,33,124,13,22,26,22,,27,20,25,,26,,21,14,27,34,,37,35,21,32,29,13,42,43,58,29,8,16,16,,13,7,22,13,,,19,28,13,28,12,17,30,6,25,48,21,37,65,11,27,16,,15,24,,13,21,11,23,14,7,14,21,20,11,,15,8,6,34,14,20,6,50,11,15,8,14,34,13,,25,6,7,28,11,13,,21,2,12,36,7,14,9,,,7,16,17,,15,,21,4,19,27,6,9,8,,16,6,8,8,6,7,8,9,13,5,26,62,12,2,17,18,15,12,12,146,32,14,,6,6,14,8,4,6,7,10,10,14,8,10,11,5,4,,10,13,5,12,12,,19,12,9,,12,13,2,1,8,10,31,12,8,5,25,8,,8,26,7,21,11,6,12,21,14,3,15,13,6,4,6,6,13,1,9,10,,2,2,9,8,7,12,8,3,,11,,8,14,18,5,1,7,9,4,22,3,6,10,7,10,4,9,5,4,4,,5,10,11,2,1,,4,6,4,,8,4,8,9,2,34,10,2,1,25,5,,9,8,4,,3,2,12,6,5,1,1,4,3,,,,,1,2,11,,17,6,,3,12,21,8,11,5,7,12,,20,,5,29,6,2,5,2,7,5,8,3,9,7,4,3,10,3,17,3,4,4,1,9,5,,7,3,10,9,1,4,5,6,3,,10,5,10,6,7,1,7,,8,6,,1,9,1,2,,12,3,7,5,4,12,6,3,,,4,5,,6,6,1,4,,,6,21,,4,5,1,2,7,5,23,8,3,7,4,6,8,,6,,7,16,,6,2,,2,,5,15,10,1,2,12,5,1,,4,7,,2,2,11,1,1,4,5,,,3,5,,19,3,2,5,,3,1,7,,5,1,1,,1,4,4,,2,4,2,,,3,7,1,,3,2,1,,3,5,,12,9,,,10,,9,1,1,9,5,9,11,,5,2,1,4,,,,8,2,1,2,12,,,1,3,7,3,,2,0,7,12,2,3,,11,,1,12,11,,1,,3,1,,3,1,3,,4,,4,6,,4,,2,,10,2,8,,5,1,,,3,3,,,,3,,5,1,1,,1,2,6,4,5,4,10,1,4,2,,1,,8,1,6,,2,1,2,2,4,5,1,2,,9,,8,,6,8,7,12,,,,8,2,2,4,3,2,,5,2,,4,1,8,,,,3,2,2,7,2,,,1,,3,3,6,,,3,2,5,,5,,2,7,,,2,,,2,9,5,2,2,,5,7,2,3,1,1,7,5,,3,,,4,8,,1,4,4,1,,,,5,4,,,2,4,,1,1,2,1,1,,,1,7,4,2,,4,4,,,1,,3,,1,7,,3,2,,4,,4,,1,,1,3,4,,1,4,,,,3,1,3,,1,1,1,1,,,1,,,7,,,,,,6,,,,,4,1,2,3,5,1,,5,,,,,5,4,,5,1,,2,1,4,,,5,,,,,5,5,2,,,,,4,,,2,,,1,,3,4,1,,,,,,,,,1,2,,1,1,3,7,1,,2,1,6,,,1,,,,1,3,,,,,,,2,,,,1,,,2,,,,2,4,,,,,,,,2,3,,,1,,,,1,1,2,,,,,1,,,1,,,,,,,,1,1,,,,,,,,,,,,1,1,1,,,,,,,,,,,,1,,,,,,,,,,,,,,,,,,,,,,,,,,,1,,,,,,,,,,,,,,,0
2020/04,111,,,20,56,108,25,35,22,58,48,32,10,182,31,39,42,17,29,44,29,30,21,30,,22,,25,20,8,14,7,19,27,24,,10,13,16,,20,,32,11,11,31,,12,36,24,10,11,17,49,15,53,19,16,12,10,,6,17,13,12,,,14,18,11,19,4,36,15,5,5,2,11,12,40,7,2,9,,2,9,,16,21,13,8,4,13,4,17,13,5,,14,5,11,20,14,25,,8,7,11,5,9,16,3,,21,4,10,48,10,9,95,4,6,14,45,2,3,8,,,1,13,9,,10,,21,,13,28,15,16,4,,2,3,4,4,7,5,9,16,12,3,5,32,8,2,6,2,7,5,9,32,20,9,,51,,13,5,3,4,10,,3,7,5,12,6,,6,,6,3,1,7,11,,10,5,4,,7,5,2,,1,12,34,12,7,,80,13,,4,23,4,25,7,3,9,10,9,6,4,2,19,,7,11,5,,10,,,0,11,2,10,3,4,2,5,,6,,1,4,34,7,7,1,4,4,10,3,17,10,4,10,27,8,2,6,12,,7,2,10,4,9,22,5,2,8,,4,4,6,8,7,3,1,5,2,17,2,,7,2,3,,5,3,3,9,4,4,,1,4,,,,,3,5,9,,16,3,,2,5,12,5,4,7,3,,,11,93,10,3,8,2,7,2,12,1,2,,4,2,6,2,12,4,15,3,2,1,2,7,3,,2,3,1,1,5,6,8,2,4,12,7,2,2,1,1,7,5,,8,2,,2,24,1,2,,,4,,1,,8,2,4,4,15,,6,,1,17,3,4,,4,1,5,,4,2,,,2,4,8,2,1,6,3,4,13,,4,,6,6,,1,1,,2,,6,12,10,,,10,1,1,,1,5,,2,1,2,1,2,4,2,,0,3,3,,,12,,3,,1,6,5,,1,,,6,1,,3,,3,1,1,,,1,6,2,2,3,2,3,1,2,14,24,2,5,,,8,2,10,6,1,8,6,2,,20,3,4,,,,,,1,,1,4,4,,32,1,,10,1,,1,,4,5,3,,1,7,,6,10,9,,2,2,,7,3,2,6,4,,,3,1,5,,,,,1,5,3,1,,8,1,1,,3,2,7,,,6,15,,13,4,9,3,1,,1,5,1,1,,10,,3,,11,,1,1,,2,1,,,,5,,,7,10,,,,2,14,2,6,,1,11,7,1,,,2,2,3,,,,4,,3,1,1,,8,1,2,6,4,11,2,,,2,1,5,,1,,,3,,6,,7,4,,,5,,,,4,,,1,6,3,2,,2,1,3,2,1,6,4,,,,5,,2,1,1,,20,,,,12,6,,7,3,0,,,1,,4,,,,7,4,1,,2,2,,,2,,,,,1,,4,1,,6,,4,,6,,2,,2,,1,,,,,2,3,1,,,,,,,,5,,,2,,,2,,4,3,,,,4,,1,1,1,,1,,1,,,4,3,1,2,,6,4,,,1,,4,,2,5,,,,1,4,4,,2,,,1,,,2,,,,3,3,1,5,,,,,,,1,,1,2,2,,2,2,,,,2,2,,,,1,,,,2,2,,,,,,,2,,,,,2,,1,2,,1,,1,,,,,,1,,,1,,,,,,,,2,,,,,,1,,,,,,,,,,,2,,,,,,,,,,,,,1,,,,,,,,,,,,,,,2,,,,,1,,,,,,,,,1,,,,,,,,,,,,,,,,,,,,,,,,,,,0
2020/05,142,,,47,124,16,11,68,31,54,55,60,,31,68,37,34,39,17,37,45,70,34,35,,14,1,22,50,20,38,19,27,62,22,,29,13,41,,25,,49,32,10,31,,15,37,24,18,27,18,76,30,69,8,40,10,22,,4,27,21,35,,,19,16,18,11,18,13,38,16,4,26,42,25,21,14,11,15,,3,33,,15,22,13,26,23,21,10,19,16,15,,32,17,20,31,24,27,14,2,11,29,11,12,21,15,,8,9,11,38,6,23,120,17,13,23,25,16,10,10,,,10,13,12,,13,,34,6,12,14,5,19,14,,16,8,13,6,16,25,14,13,15,7,1,16,13,2,19,10,6,18,12,,19,5,,39,5,26,34,11,7,16,11,13,17,15,10,13,,11,,11,8,,10,12,,13,106,15,,10,5,5,,6,14,18,16,9,4,14,17,,5,19,7,33,13,2,12,21,16,2,6,6,31,13,15,8,5,,12,7,,0,13,12,13,2,5,8,16,,4,,6,13,17,8,11,1,5,15,10,4,4,5,9,6,7,7,9,6,8,,1,12,13,8,9,61,0,7,25,,10,5,6,14,10,13,4,6,2,19,4,,9,7,4,,,2,6,5,6,5,3,1,1,,,,,3,6,14,,21,8,,9,6,19,10,10,6,12,12,,20,13,13,12,6,7,14,1,58,7,2,,4,8,13,4,11,10,15,2,4,13,3,28,2,32,3,5,3,2,6,2,11,7,5,,8,1,11,2,5,15,2,,7,5,,4,11,7,2,,5,6,1,3,2,21,1,5,8,44,3,4,,3,11,2,9,,7,2,6,,1,7,4,8,1,2,22,2,2,4,2,5,8,,6,,8,18,,5,2,,1,30,6,10,11,,4,25,5,7,,2,10,,5,5,13,,6,4,7,,0,2,8,,,,2,6,,4,9,,,5,4,,18,1,4,4,,10,2,,,,1,18,2,47,4,2,4,1,1,7,17,9,9,,,13,,8,5,3,10,19,16,18,20,1,21,2,,,1,38,15,5,2,,10,13,,3,1,22,11,,9,,8,19,1,1,2,10,,2,8,3,3,4,3,,1,,1,1,4,34,3,7,4,1,,4,,,5,25,1,13,21,10,7,1,,2,1,19,,1,8,,4,1,3,21,3,3,1,4,13,6,6,4,11,1,23,4,22,,2,,,1,2,1,1,5,8,,,1,8,,3,,5,17,10,4,22,1,18,6,,3,6,8,2,7,,2,,19,,11,1,2,,9,2,1,1,3,21,2,,7,0,2,10,,2,,3,5,,1,9,13,3,,,6,,12,5,3,2,,,13,5,9,,,1,13,3,5,13,7,1,,3,6,,10,1,2,,,,,3,,12,,12,7,0,,,2,1,11,,12,,5,7,11,11,5,9,,,,,4,,2,11,,4,3,,1,,1,1,11,,7,1,4,,,4,6,,,6,2,0,,,1,2,3,12,,3,,,6,,,8,,5,6,,,,6,2,5,4,9,2,11,,,7,,9,10,2,3,,1,6,,2,3,4,5,1,5,,,,,2,2,8,,10,,,2,4,,1,,1,,4,2,4,3,,,,1,,,9,,6,2,6,3,1,3,,1,,4,1,,,1,2,,,,,1,,3,,,,,1,,,,1,3,2,3,1,3,1,,1,,,,,,1,,2,2,0,4,4,,,,,2,1,,,,,,,,,,,,4,,,,1,1,,,,,,,,2,1,1,2,1,2,3,,,,,,,,,,3,,,1,,,,,1,,,,,1,,2,,,,,1,,,,,,,,,,,,,,1,,,,,,,,,,
2020/06,170,,,84,92,21,1,63,49,116,52,42,,13,99,55,33,54,32,14,31,47,69,25,,3,,6,51,40,19,22,18,63,44,,30,28,34,,36,,104,26,25,22,,29,46,23,14,25,21,61,16,78,7,29,19,30,,4,32,28,30,,,21,38,20,14,,36,39,22,5,26,42,9,12,19,19,19,,,41,,16,22,30,13,29,16,3,30,28,22,,70,20,57,22,23,26,10,22,17,17,20,16,,35,,37,15,16,22,12,18,33,26,12,13,50,19,18,11,,,15,10,24,22,20,,34,8,18,20,12,19,16,,12,9,15,9,41,13,12,9,11,12,39,10,22,5,25,21,12,13,9,1,9,12,,48,2,27,13,17,21,30,7,8,11,20,10,7,,6,,17,12,,6,6,,21,57,25,,6,14,9,,5,11,22,13,7,4,4,10,,14,26,4,,19,,12,12,14,7,9,2,25,5,25,7,7,,8,9,,,15,16,4,10,17,9,16,,15,,9,12,28,6,8,6,2,5,12,5,6,12,3,4,3,7,11,10,7,,,21,22,13,9,50,2,5,0,,9,8,7,9,15,10,6,5,,7,6,,7,16,3,14,14,12,10,1,8,6,4,9,7,,,,,5,4,15,,16,9,,11,7,18,5,2,5,10,9,,19,6,16,12,9,7,23,2,33,8,12,,6,11,10,12,45,6,19,4,6,13,9,37,5,66,4,6,8,6,5,1,10,14,10,,6,3,12,11,2,8,,,12,5,,6,22,7,5,,6,2,2,6,4,18,11,8,3,29,8,5,,5,19,5,6,,11,6,15,,4,13,12,4,24,2,24,14,2,11,2,4,12,,6,,3,11,,8,3,,3,49,8,8,12,,7,29,2,6,,6,4,,2,7,10,2,5,3,2,,0,7,4,,,,5,6,,4,6,8,,7,4,,45,1,4,4,,9,4,5,,,1,8,4,17,2,4,2,3,5,24,22,17,11,,,11,4,12,8,5,11,13,34,22,20,4,7,6,,,1,21,12,4,2,,11,45,,6,3,18,5,,,,11,9,,3,2,6,,3,8,11,3,6,1,,,1,6,3,5,19,9,10,3,8,,4,,1,9,11,1,11,30,8,7,,,5,4,24,,3,8,,,,7,18,5,1,3,1,9,4,7,5,10,4,20,3,12,,,,,3,4,,2,5,18,4,1,5,4,,14,,11,,3,10,19,1,12,3,1,1,7,15,1,6,,1,,12,,16,1,4,38,6,1,7,5,3,,1,1,13,4,5,7,,3,2,7,8,,7,25,12,9,,,5,,20,1,1,10,1,0,13,6,7,,1,1,14,4,12,12,3,2,,1,4,,16,4,1,,,,,3,,10,28,6,14,0,,,2,2,11,,15,,3,4,5,14,2,8,,1,1,,1,,,6,,4,7,,5,24,15,23,6,22,13,2,4,,7,7,17,,5,11,5,2,,,3,,2,,,11,,,5,21,4,11,,11,5,,4,,10,5,7,3,6,3,6,,1,12,,5,5,,1,,3,7,,,7,1,8,,3,,,,,2,1,2,,4,,,8,11,,5,,,,8,,2,3,,,,,,,4,,4,6,,,2,2,,6,,3,1,,,1,,,,,2,0,,2,,,,,4,,,3,1,4,7,3,5,,6,1,2,8,8,,,,4,7,3,1,7,,2,,,,2,2,1,,,,,1,5,6,,,,,1,,,5,,3,,,,,,,,1,3,,2,1,1,,4,,,,,,,,3,,,1,,,,,3,,2,,,,1,2,,,1,2,,1,,,,2,,,,1,,,,1,1,,,,,,,,,,1,
