,SKU,Brand,NotRepeat
0,CRSCRUB250,CR,CR
1,LABC-004,LA,LA
2,CRMR250,CR,NY
3,NY0115,NY,BW
4,BWMS2TPL50,BW,NE
5,NE1102042,NE,MG
6,LAS-001,LA,GA
7,NY2182,NY,BA
8,MGSD20973,MG,RA
9,GAGRA0006,GA,ER
10,CRRAS250,CR,DI
11,BWDISHLTM500,BW,UK
12,NY2177,NY,BL
13,GAGRA0369,GA,LE
14,LAB-012,LA,LR
15,NY2161,NY,EL
16,GAGRA0071,GA,1B
17,NE1103067,NE,EE
18,NY2237,NY,OM
19,NY2198,NY,BY
20,NY2221,NY,JA
21,CRSP400,CR,RE
22,BA5055479087187,BA,LB
23,LAS-002,LA,AB
24,BWFWLTM500,BW,AP
25,NY2171,NY,KE
26,NE1221001,NE,SF
27,LAL-005,LA,EH
28,NY1663,NY,MH
29,BWMS2TPL300,BW,IL
30,RAAB0013A,RA,10
31,LAC-006,LA,BT
32,ER01BLCNR,ER,SA
33,LAB-00,LA,NB
34,DIFLEURP75C,DI,CU
35,CRSV400,CR,OK
36,DIROSE100V1,DI,CV
37,NY0305,NY,UN
38,MGFM11210,MG,TO
39,DIROSHMIST,DI,HI
40,NY2346,NY,FO
41,NY0356,NY,HE
42,NY2710,NY,SJ
43,UK4582328104234,UK,OT
44,LAS-010,LA,NA
45,NY0314,NY,OR
46,NE1103068,NE,TG
47,RAAB0001A,RA,LL
48,NY2368,NY,DD
49,MGFM10210,MG,YO
50,LAC-014,LA,PL
51,UK4582328104654,UK,HO
52,NY2183,NY,Ab
53,NY2032,NY,
54,BWFWTPL500,BW,
55,MGCC60509,MG,
56,NE1221002,NE,
57,MGPO901,MG,
58,ER10SMONR,ER,
59,NY0716,NY,
60,NY2165,NY,
61,UK4582328104500,UK,
62,NE1101168,NE,
63,GAGRA0050,GA,
64,NY1402,NY,
65,LAL-013,LA,
66,BLC008G,BL,
67,LE463034,LE,
68,DIMINTP75C,DI,
69,LR10012,LR,
70,LAS-020,LA,
71,NY1312,NY,
72,EL4600,EL,
73,GAGRA0087,GA,
74,1B050010,1B,
75,EE50763,EE,
76,MGSD20901,MG,
77,NY1513,NY,
78,NY2805,NY,
79,CRSP250,CR,
80,UK4582328108119,UK,
81,BWBSTPL500,BW,
82,BA5055479084810,BA,
83,OM10801,OM,
84,ER10SMCR,ER,
85,LAS-021,LA,
86,NE1102039,NE,
87,ER01DCR25R,ER,
88,NE1103072,NE,
89,MGHW218250,MG,
90,LASMS-014,LA,
91,BWFWSPR500,BW,
92,CRCDJ100,CR,
93,NY7173,NY,
94,ER01BCRR,ER,
95,ER01TMRNR,ER,
96,BWSASNL125,BW,
97,NY1301,NY,
98,BA5055479083867,BA,
99,DITRSPRAYROSE,DI,
100,BWBSSPR500,BW,
101,OM13701,OM,
102,DIROSE50V1,DI,
103,NY0677,NY,
104,NY0114,NY,
105,LE463058,LE,
106,NY1661,NY,
107,ER10MBBNR,ER,
108,NE1214005,NE,
109,BWBSLTM500,BW,
110,NY2176,NY,
111,LAS-003,LA,
112,NE1103073,NE,
113,BLB001,BL,
114,ER14LB2NR,ER,
115,ER10ONBNR,ER,
116,NE1101169,NE,
117,NE14315,NE,
118,NE1221003,NE,
119,NY2172,NY,
120,DIHBSGEL1,DI,
121,NY2369,NY,
122,BWMS2TPL50C,BW,
123,NY2164,NY,
124,1B015010,1B,
125,NY2711,NY,
126,NY0094,NY,
127,BY112016,BY,
128,NY2155,NY,
129,NE1202035,NE,
130,LASMS-021,LA,
131,NY2240,NY,
132,NY2362,NY,
133,NY0785,NY,
134,DIB1,DI,
135,GAGRA0186,GA,
136,RAAB0054,RA,
137,LR10611,LR,
138,UK4582328104647,UK,
139,NY2370,NY,
140,NY2802,NY,
141,NY1520,NY,
142,JASP94N,JA,
143,NY1401,NY,
144,NY1516,NY,
145,NE1214006,NE,
146,CRSV250,CR,
147,NY0311,NY,
148,LR11081,LR,
149,NY2175,NY,
150,UK4582328104678,UK,
151,BWLWTPL500,BW,
152,MGHS30016,MG,
153,NY1797,NY,
154,RE3846,RE,
155,NY7095,NY,
156,GAGRA0003,GA,
157,CRDV250,CR,
158,GAGRA0013,GA,
159,DIBRACMIN,DI,
160,NE1103069,NE,
161,NY2181,NY,
162,UK4582328104609,UK,
163,DIMINTFOAM,DI,
164,NY2748,NY,
165,NY2384,NY,
166,NY2236,NY,
167,DIDOSHMIST,DI,
168,BA5055479083865,BA,
169,ER14LB1NR,ER,
170,NY0046,NY,
171,NE1101163,NE,
172,BA5055479042674,BA,
173,UK4582328108126,UK,
174,RAAB0003A,RA,
175,NE1222001,NE,
176,ER01BOINR,ER,
177,DIROSHCREAM,DI,
178,NY0676,NY,
179,GAGRA0173,GA,
180,NE1103071,NE,
181,NY2179,NY,
182,NY2804,NY,
183,GAGRA0183,GA,
184,NY2186,NY,
185,GAGRA0075,GA,
186,ER01LOTR,ER,
187,LR11046,LR,
188,RAAB0068,RA,
189,NY0014,NY,
190,NE1222002,NE,
191,DISOLIDEROSE,DI,
192,MGFC10008,MG,
193,NY0326,NY,
194,UK4582328104517,UK,
195,BWBWSPR500,BW,
196,LALABO-ROSE,LA,
197,DITRSPRAYSENS,DI,
198,DICAPS34,DI,
199,DISENSHMIST,DI,
200,GAGRA0248,GA,
201,GAGRA0018,GA,
202,LAB-008,LA,
203,DICAPSB,DI,
204,NY2185,NY,
205,GAGRA0156,GA,
206,NE1210008,NE,
207,CRSH250,CR,
208,NY2200,NY,
209,RAAB0059,RA,
210,GAGRA0020,GA,
211,RAAB0089,RA,
212,LR11082,LR,
213,DIB70V,DI,
214,NY2381,NY,
215,LBLBMP006,LB,
216,NY2801,NY,
217,NE1202036,NE,
218,LAS-019,LA,
219,ER01BAWCR,ER,
220,NY0570,NY,
221,BY100109,BY,
222,CRCC250,CR,
223,NE1101164,NE,
224,DIBRACROS,DI,
225,BWBWLTM500,BW,
226,MGSD21073,MG,
227,NY2168,NY,
228,NY2803,NY,
229,DIRO1,DI,
230,ABSO-20,AB,
231,CRSR400,CR,
232,NY0520,NY,
233,DIOTHO19,DI,
234,DICAPITAP75C,DI,
235,NY2170,NY,
236,DIROSFOAM,DI,
237,DISENS100V1,DI,
238,BWBWTPL500,BW,
239,ER01BAW16CR,ER,
240,DISET5EDT,DI,
241,APAD04-SO,AP,
242,NE1101172,NE,
243,NY0159,NY,
244,NY2709,NY,
245,BY112011,BY,
246,MGST11612,MG,
247,BLP002C,BL,
248,UK4582328104692,UK,
249,NY2173,NY,
250,NY0552,NY,
251,UK4582328108447,UK,
252,DITRSPRAYDOSON,DI,
253,1B050003,1B,
254,LR10609,LR,
255,NY0554,NY,
256,KELESPLVO02,KE,
257,EE50173,EE,
258,BWDWPL500,BW,
259,BA5055479042698,BA,
260,GAGRA0220,GA,
261,ELFGS100243,EL,
262,SF03JASMINEW,SF,
263,DISATINOILV1,DI,
264,GAGRA0042,GA,
265,EH0921B,EH,
266,CRBV150,CR,
267,LR10610,LR,
268,NY0701,NY,
269,SF03JASMINEC,SF,
270,MHRSHC01,MH,
271,UK4582328104715,UK,
272,ER10QEANR,ER,
273,NY2199,NY,
274,APAD12-IF,AP,
275,LBLBMP032,LB,
276,NY1307,NY,
277,ABSO-32,AB,
278,RE3702A,RE,
279,NY8250,NY,
280,NY2303,NY,
281,BWGSSPR500,BW,
282,ER01SCBNR,ER,
283,APAD13-P,AP,
284,BWDDWPL100,BW,
285,LE463003,LE,
286,BY806045,BY,
287,CRSBC250,CR,
288,ILLC01B,IL,
289,NY2415,NY,
290,ER14RFBNR,ER,
291,NE1104001,NE,
292,NY1419,NY,
293,NY0572,NY,
294,UK4582328104685,UK,
295,SF03MIAW,SF,
296,RE3705A,RE,
297,GAGRA0004,GA,
298,NY2419,NY,
299,NY2135,NY,
300,ER01LOT16R,ER,
301,NY0048,NY,
302,RAAB0002A,RA,
303,DIRO70V,DI,
304,GAGRA0005,GA,
305,MGHW20916,MG,
306,NY2430,NY,
307,NY0538,NY,
308,LR10513,LR,
309,MHLMHC01,MH,
310,NY1640,NY,
311,1B050011,1B,
312,DICARDIF34B,DI,
313,DIHANDSOAPG,DI,
314,DIBRACCAPIT,DI,
315,NE1101170,NE,
316,1B050008,1B,
317,DIDOSON100V1,DI,
318,NY2749,NY,
319,LE463348,LE,
320,NY7096,NY,
321,1B050044,1B,
322,NY8253,NY,
323,DIGV1,DI,
324,NY8252,NY,
325,BWHSTPL300,BW,
326,NY2206,NY,
327,UK4582328108133,UK,
328,NY1533,NY,
329,MHTT065,MH,
330,RAAB0014A,RA,
331,ILTPJAR01B,IL,
332,BWKSPL150,BW,
333,NE1101173,NE,
334,1B015044,1B,
335,NE1210009,NE,
336,NE1102063,NE,
337,DIBN2,DI,
338,GAGRA0330,GA,
339,LBLBMP005,LB,
340,DIBRACDOS,DI,
341,EL4599,EL,
342,BWBBWBCP250,BW,
343,CRRASMEN250,CR,
344,NY0721,NY,
345,1B050007,1B,
346,CRMBC250,CR,
347,NY2230,NY,
348,BA5055291784783,BA,
349,NY0512,NY,
350,BWBBPBCP100,BW,
351,NY2229,NY,
352,BA5055479083836,BA,
353,1B015003,1B,
354,NY2180,NY,
355,NY0097,NY,
356,APAF03-IF,AP,
357,NY1655,NY,
358,NY0569,NY,
359,LR10001,LR,
360,DISENS50V1,DI,
361,NY0081,NY,
362,ABSO-33,AB,
363,MGBS20475,MG,
364,CRMH200,CR,
365,MGCM60009,MG,
366,ILCH01B,IL,
367,JA71SP226FUX,JA,
368,MGFC51850,MG,
369,LAS-014,LA,
370,RAAB0069,RA,
371,EH0940,EH,
372,UK4582328104661,UK,
373,DISOLIDEDOSO1,DI,
374,NY0654,NY,
375,1B050020,1B,
376,RE4556,RE,
377,EH0912A,EH,
378,MHTTBW01,MH,
379,BA5055479056480,BA,
380,BWDELIBCP500,BW,
381,GAGRA0217,GA,
382,NY2712,NY,
383,KELESMEPR02,KE,
384,ABSO0023,AB,
385,RE3706A,RE,
386,BY112012,BY,
387,RE3704A,RE,
388,RE3380A,RE,
389,GAGRA0001,GA,
390,LR11022,LR,
391,DIROSBLOTION,DI,
392,NE1207006,NE,
393,RE32294,RE,
394,NY0898,NY,
395,DIMI1,DI,
396,DILID,DI,
397,RE44291,RE,
398,CRSR250,CR,
399,NY2143,NY,
400,NY0830,NY,
401,DIOMBRE100V1,DI,
402,LR11023,LR,
403,MGHS30008,MG,
404,NY2204,NY,
405,NY2224,NY,
406,ER01BSOR,ER,
407,NY1540,NY,
408,1B050002,1B,
409,RE4410,RE,
410,DIFBODYLOTION,DI,
411,ILCBLS14B,IL,
412,NY2231,NY,
413,KELESMACA500,KE,
414,MHTTBL01,MH,
415,DICARDIFB,DI,
416,DIFLEURBBALM,DI,
417,BWFVWNC500,BW,
418,BWSOAPFS100,BW,
419,ILCBLS04B,IL,
420,DITAMDAOP75C,DI,
421,DI34B1,DI,
422,NY0534,NY,
423,EE00173,EE,
424,DIDOSON50V1,DI,
425,DITRSPRAYPHILO,DI,
426,EH0910A,EH,
427,NY2407,NY,
428,LR11076,LR,
429,1B015007,1B,
430,CRBH150,CR,
431,LR11045,LR,
432,RE31375,RE,
433,CRGDP250,CR,
434,RE4224,RE,
435,DICOF3BG10,DI,
436,10HPROLLER,10,
437,DITAMDAO100V1,DI,
438,KELESGIDO02,KE,
439,LALABO-SANTAL,LA,
440,DICARDIFRO,DI,
441,GAGRA0033,GA,
442,DICAPSAB,DI,
443,BY200176,BY,
444,NY3700,NY,
445,BT1142200100,BT,
446,GAGRA0356,GA,
447,GAGRA0049,GA,
448,RE30894,RE,
449,UK4582328108140,UK,
450,MGFM10704,MG,
451,JASP95N,JA,
452,NY2310,NY,
453,MHROLLRS001,MH,
454,EH0908C,EH,
455,UK4582328108102,UK,
456,ABSO-26,AB,
457,ER10MRONR,ER,
458,DIVETY100V1,DI,
459,NE1101174,NE,
460,ILESSIX02B,IL,
461,NY2713,NY,
462,DIBRACTAM,DI,
463,NY5212,NY,
464,OM15101,OM,
465,NE1101167,NE,
466,EH0969,EH,
467,GAGRA0012,GA,
468,LBLBMP003,LB,
469,NE1221004,NE,
470,EL4910,EL,
471,1B300056,1B,
472,DIDOSONP75C,DI,
473,RAAB0055,RA,
474,DISBODYLOTION,DI,
475,MHTT001,MH,
476,LE463362,LE,
477,1B000135,1B,
478,DIHANDSCRUB,DI,
479,BWYMSTPL150,BW,
480,DIVETY50V1,DI,
481,1B300154,1B,
482,LR10303,LR,
483,GAGRA0048,GA,
484,DICAPSRO,DI,
485,DIFACELIP1,DI,
486,BY200045,BY,
487,NY0670,NY,
488,LE463041,LE,
489,NY2167,NY,
490,BY100098,BY,
491,NY0828,NY,
492,MHRSBW01,MH,
493,NY1531,NY,
494,LBLBMD006,LB,
495,NE1103070,NE,
496,ILCH02B,IL,
497,GAGRA0082,GA,
498,1B015008,1B,
499,GAGRA0068,GA,
500,DISOAPROSE,DI,
501,EH0952A,EH,
502,NE1221011,NE,
503,NE1103074,NE,
504,RE3609,RE,
505,MHROLLTT002,MH,
506,RE30815,RE,
507,DIGERA100V1,DI,
508,NY2166,NY,
509,LR10224,LR,
510,ELFGS100472,EL,
511,NY1418,NY,
512,EH0911,EH,
513,1B150096,1B,
514,NY0151,NY,
515,RE30344,RE,
516,NY2226,NY,
517,BLA029,BL,
518,EH0903A,EH,
519,BA5055479083842,BA,
520,ILCBLS15B,IL,
521,DIMOHE100V1,DI,
522,NY2037,NY,
523,MHTTHW01,MH,
524,LAS-008,LA,
525,DISOLIDEOMBR1,DI,
526,DIMI70V,DI,
527,NY0826,NY,
528,LR11024,LR,
529,ILSF15B,IL,
530,MGFM10104,MG,
531,NY2207,NY,
532,DIHANDLOTIONG,DI,
533,LR11053,LR,
534,RE3709A,RE,
535,DICAPSFO,DI,
536,BY100242,BY,
537,NE1101165,NE,
538,DIHG34BCARB2,DI,
539,MHTTSP01,MH,
540,NY0010,NY,
541,LR10640,LR,
542,OM14801,OM,
543,ILCH04B,IL,
544,ILTSSC02B,IL,
545,SA167,SA,
546,LBLBMD032,LB,
547,MGHW20316,MG,
548,DIOMBREP75C,DI,
549,DIPB,DI,
550,ABSO-17OIL,AB,
551,NY1665,NY,
552,GAGRA0030,GA,
553,RE44411,RE,
554,NY2163,NY,
555,GAGRA0019,GA,
556,RE33862,RE,
557,LR10574,LR,
558,NE1201024,NE,
559,NY1542,NY,
560,NY0561,NY,
561,NY0070,NY,
562,MGCR60109,MG,
563,DIP34B,DI,
564,BA5055479083840,BA,
565,BA5055479088948,BA,
566,BWSACNL100,BW,
567,MGBL219250,MG,
568,DISOAPDOSON,DI,
569,BWLWTPL1L,BW,
570,DIOMBRE50V1,DI,
571,1B015002,1B,
572,NY2205,NY,
573,ER15FIONR,ER,
574,ABSO-0EAU,AB,
575,BA5055479059504,BA,
576,NY2184,NY,
577,NE1202052,NE,
578,ABSO-0030,AB,
579,LBLBMP039,LB,
580,1B050004,1B,
581,NY2391,NY,
582,BA5055479088931,BA,
583,BY112013,BY,
584,APAF04-IF,AP,
585,DIDOSSHOIL,DI,
586,ILCBLS01B,IL,
587,OM10501,OM,
588,GAGRA0085,GA,
589,ILSF01B,IL,
590,BY112015,BY,
591,RE3385A,RE,
592,MGHW20116,MG,
593,BA5055479083846,BA,
594,BY100046,BY,
595,BY112010,BY,
596,NY1608,NY,
597,EL7880,EL,
598,DICARDIFFI,DI,
599,NY0835,NY,
600,ELFGS100436,EL,
601,NY1649,NY,
602,NE1221009,NE,
603,NY2174,NY,
604,OM14701,OM,
605,BY100193,BY,
606,GAGRA0032,GA,
607,UK4582328108461,UK,
608,NE1101177,NE,
609,LE463386,LE,
610,EH0967,EH,
611,LR11035,LR,
612,NE1101175,NE,
613,OM17101,OM,
614,NY1647,NY,
615,DIPHILOP75C,DI,
616,LR11052,LR,
617,MHRS065,MH,
618,DIPRO,DI,
619,ILLC02B,IL,
620,BWBBLBCP250,BW,
621,LR10575,LR,
622,DISOLIDE34,DI,
623,JASP65N,JA,
624,MHRSBC01,MH,
625,ABSO0012,AB,
626,BA5055479059528,BA,
627,LR11054,LR,
628,LR11100,LR,
629,BY806199,BY,
630,NY0035,NY,
631,DICAPSFI,DI,
632,LR10980,LR,
633,RE3708A,RE,
634,DIBAUMEMAIN2,DI,
635,MGCL61109,MG,
636,GAGRA0007,GA,
637,LR10510,LR,
638,NY2417,NY,
639,BLC008R,BL,
640,NE1209024,NE,
641,ILPS01B,IL,
642,GAGRA0039,GA,
643,ILCH05B,IL,
644,GAGRA0024,GA,
645,NY0693,NY,
646,DICP1,DI,
647,NY8356,NY,
648,BY200012,BY,
649,LR11061,LR,
650,OM17001,OM,
651,DIDOSMIST,DI,
652,EH0946A,EH,
653,BA5055479042704,BA,
654,LR11051,LR,
655,DISOAPTAM,DI,
656,NY0902,NY,
657,1B015031,1B,
658,BY200178,BY,
659,DISOAPOMBRE,DI,
660,ILCH03B,IL,
661,NB31E202,NB,
662,EE00713,EE,
663,JA71SP226GIA,JA,
664,BY200005,BY,
665,NY4909,NY,
666,NE1221008,NE,
667,MGFC51950,MG,
668,MHTTHL01,MH,
669,LBLBMP008,LB,
670,LBLBMP037,LB,
671,UK4582328108317,UK,
672,10HPSB008,10,
673,LR11066,LR,
674,OM16901,OM,
675,BA5055479086258,BA,
676,BA5055291784769,BA,
677,NY0827,NY,
678,BA5055479059535,BA,
679,ILTSSC01B,IL,
680,LR10633,LR,
681,Abso0012,Ab,
682,RAAB0075,RA,
683,DISENSBGEL,DI,
684,LR10978,LR,
685,OM17901,OM,
686,NY1799,NY,
687,DIFR1,DI,
688,LR10631,LR,
689,UK4582328110563,UK,
690,DITAMSHPASTE,DI,
691,NY0881,NY,
692,OM17701,OM,
693,BY810009,BY,
694,ABSO0031,AB,
695,LBLBMP038,LB,
696,MHLOSBW01,MH,
697,MHIT024,MH,
698,APAD01-S,AP,
699,RE4581,RE,
700,NY8357,NY,
701,1B050033,1B,
702,BY200126,BY,
703,DI34BFAU220,DI,
704,MHRS001,MH,
705,OM17201,OM,
706,BA5055479042681,BA,
707,NY2233,NY,
708,DIOMBBALM,DI,
709,DITAMDAO50V1,DI,
710,APAD07-B,AP,
711,GAGRA0263,GA,
712,LR10171,LR,
713,GAGRA0314,GA,
714,NY2201,NY,
715,DISOAPSENS,DI,
716,LR10509,LR,
717,ILSF02B,IL,
718,1B999056,1B,
719,EH0909,EH,
720,EL9995,EL,
721,DIVETYP75C,DI,
722,JASP63N,JA,
723,BY100134,BY,
724,BY200124,BY,
725,DIPHILO50V1,DI,
726,DICARDIFFO,DI,
727,NY2500,NY,
728,BA5055479088924,BA,
729,MHWANBW01,MH,
730,DIRHANDSOAP,DI,
731,BY112009,BY,
732,DIELECPLUG,DI,
733,BY200174,BY,
734,BA5055479083837,BA,
735,NY0088,NY,
736,NY0193,NY,
737,UK4582328108249,UK,
738,DI34BEAU100,DI,
739,ILCBLS03B,IL,
740,DIPHILO100V1,DI,
741,DIGR1,DI,
742,ABSO0021,AB,
743,LR10576,LR,
744,1B150097,1B,
745,ELFGS100536,EL,
746,MHGS212,MH,
747,GAGRA0063,GA,
748,DIPLURIEL200,DI,
749,ABSO0041,AB,
750,DITEMPOP75C,DI,
751,ABSO0036,AB,
752,RE4042,RE,
753,BY200062,BY,
754,DIBODYSCRUB1,DI,
755,RE3694A,RE,
756,1B999154,1B,
757,DIVBV1,DI,
758,MHMCQWW002,MH,
759,DIABA2,DI,
760,NY2008,NY,
761,NE1209023,NE,
762,DIOMBSHOIL,DI,
763,DICP70V,DI,
764,NY2202,NY,
765,1B050031,1B,
766,NY0868,NY,
767,MHMCQGS003,MH,
768,OM16501,OM,
769,OM11401,OM,
770,GAGRA0311,GA,
771,LR10223,LR,
772,ER03DEONR,ER,
773,NY0063,NY,
774,MGHW208250,MG,
775,JA71SP226TSE,JA,
776,LR10164,LR,
777,1B015033,1B,
778,UK4582328108225,UK,
779,NY0829,NY,
780,LR10634,LR,
781,BY806014,BY,
782,DICAPSGG,DI,
783,LR10572,LR,
784,MHLMBW01,MH,
785,LBLBMD003,LB,
786,UK4582328100021,UK,
787,ILCBLS06B,IL,
788,UK4582328108300,UK,
789,MHMCQPS001,MH,
790,NE1221012,NE,
791,DIVRO,DI,
792,GAGRA0022,GA,
793,LR10165,LR,
794,MHHIDSP01,MH,
795,EL9200,EL,
796,RE4767,RE,
797,ABSO1005,AB,
798,DIHG34BRCARB2,DI,
799,JA71SP226ARA,JA,
800,BY200047,BY,
801,NY2501,NY,
802,BA5055479071544,BA,
803,BY200094,BY,
804,DITBR2,DI,
805,DINERO100V1,DI,
806,BWBBBBCP100,BW,
807,BA5055479083844,BA,
808,BWSOAPTPL100,BW,
809,MHROLLLD003,MH,
810,DICAPSTB,DI,
811,LR10635,LR,
812,LR11058,LR,
813,RE4195,RE,
814,BA5055291784752,BA,
815,BA5055285771782,BA,
816,BA5055479083838,BA,
817,NY0994,NY,
818,NE1101171,NE,
819,LR10516,LR,
820,EL1186,EL,
821,DIHGBRCARB2,DI,
822,RE4355,RE,
823,ELFGS100451,EL,
824,OM13811,OM,
825,OM16411,OM,
826,DIV34V1,DI,
827,MHGARD003,MH,
828,OM13911,OM,
829,MHLOSSP01,MH,
830,10HPWARMERL,10,
831,UK4582328100014,UK,
832,DIHGROCARB2,DI,
833,DIWT,DI,
834,GAGRA0064,GA,
835,DIRHANDSCRUB,DI,
836,BY100258,BY,
837,LR11032,LR,
838,MHSRZHC01,MH,
839,ABSO-15MREP,AB,
840,SA204,SA,
841,EE50333,EE,
842,LR11077,LR,
843,BY806090,BY,
844,BY806038,BY,
845,LR10502,LR,
846,NE1210014,NE,
847,APAD06-VR,AP,
848,DIFACESERUM,DI,
849,OM19201,OM,
850,NY0980,NY,
851,NE1230001,NE,
852,MHGARD001,MH,
853,MGHC30108,MG,
854,NY8359,NY,
855,OM13401,OM,
856,DISNUFFER,DI,
857,DIOLENE100V2,DI,
858,EE00176,EE,
859,ER03DEJNR,ER,
860,DIFI70V,DI,
861,LBLBMD005,LB,
862,ILEP01B,IL,
863,NY2209,NY,
864,NY2213,NY,
865,MGFC51203,MG,
866,NE1101166,NE,
867,ELFGS100228,EL,
868,NE1209026,NE,
869,SA119,SA,
870,NE1219011,NE,
871,BY100005,BY,
872,BY20020005,BY,
873,MHRSSP01,MH,
874,MGHW207250,MG,
875,MHLMSP01,MH,
876,BA5055479042735,BA,
877,UK4582328100038,UK,
878,1B150098,1B,
879,BTV18300008,BT,
880,BY810010,BY,
881,DIHGFOCARB2,DI,
882,LR10085,LR,
883,LR11040,LR,
884,LBLBMS003,LB,
885,MHWANSP01,MH,
886,DICY1,DI,
887,BA5055479087408,BA,
888,NE1101253,NE,
889,DIELECTRICDIF,DI,
890,BY200072,BY,
891,ILCBLS09B,IL,
892,NY0068,NY,
893,BY100047,BY,
894,SA175,SA,
895,LR10162,LR,
896,BY200173,BY,
897,DIFLORA100V1,DI,
898,ABSO-2CFN,AB,
899,KELESGYTO500,KE,
900,BY200096,BY,
901,BY200080,BY,
902,CU8050534794373,CU,
903,BA5055479083843,BA,
904,NB31C328,NB,
905,BY20020009,BY,
906,DIOYEDO100V1,DI,
907,DITB1,DI,
908,ILMS08B,IL,
909,RE4764,RE,
910,ABSO0043,AB,
911,NY2203,NY,
912,MHLMBL01,MH,
913,ILCBLS02B,IL,
914,ABSO1006,AB,
915,UK4582328104616,UK,
916,BA5055291784776,BA,
917,DIHESP100V1,DI,
918,KEBRUPLVO02,KE,
919,GAGRG0149,GA,
920,LR11171,LR,
921,UK4582328108454,UK,
922,ABSO0082,AB,
923,UK02000058,UK,
924,DIVCP,DI,
925,DICAPSMI,DI,
926,MHDT027,MH,
927,NE1221014,NE,
928,LR10309,LR,
929,NE1230002,NE,
930,DIFBG2,DI,
931,DIV1,DI,
932,NE1221013,NE,
933,ELFGS100150,EL,
934,MGCO60309,MG,
935,OM18301,OM,
936,DIDUELLEP75C,DI,
937,BY200146,BY,
938,DIAB,DI,
939,MHLIB601,MH,
940,KEBOUPLVOFP,KE,
941,MHENBW01,MH,
942,NY1052,NY,
943,UK4582328108584,UK,
944,CU8050534795080,CU,
945,KESPRMEFI50,KE,
946,BA5055479059580,BA,
947,DILIERRE100V2,DI,
948,DIV70V,DI,
949,DIFR70V,DI,
950,NE1207007,NE,
951,DIS34B,DI,
952,EE50768,EE,
953,DIVFOV1,DI,
954,MHCDJ665,MH,
955,BA5055479087163,BA,
956,EE50876,EE,
957,NB31B215,NB,
958,ILMS05B,IL,
959,LBLBMD037,LB,
960,ILESSIX01B,IL,
961,NY2411,NY,
962,DISOAPPHILO,DI,
963,OM10901,OM,
964,DIBODYBALM,DI,
965,MHSRZHM01,MH,
966,LBLBMS012,LB,
967,BA5055291731701,BA,
968,DIOFRESIA100V1,DI,
969,DI34BEDT100,DI,
970,DIVMI,DI,
971,ILLM01B,IL,
972,NE1202038,NE,
973,ILCLLE01B,IL,
974,DIFACEOIL1,DI,
975,LR10166,LR,
976,OM14611,OM,
977,OK0005,OK,
978,DI34BPRO220,DI,
979,NY8362,NY,
980,SA126,SA,
981,LBLBMD039,LB,
982,BY810006,BY,
983,EH1030,EH,
984,DIPFI,DI,
985,OK0008,OK,
986,NY4914,NY,
987,UK4582328108287,UK,
988,CU8050534795189,CU,
989,ABSO-1CFJ,AB,
990,BY200189,BY,
991,ABSO0034,AB,
992,APAF07-IF,AP,
993,BY112017,BY,
994,ABSO1004,AB,
995,MGHW201250,MG,
996,MGFM12815,MG,
997,LR10546,LR,
998,BA5055479083835,BA,
999,NY1544,NY,
1000,BY112014,BY,
1001,CU8050534794571,CU,
1002,NB31B221,NB,
1003,DICREMECORPS1,DI,
1004,CU8050534794939,CU,
1005,DITB70V,DI,
1006,DIVL1,DI,
1007,ILTSSC15B,IL,
1008,CU8050534794977,CU,
1009,ILCBLS13B,IL,
1010,RAAB0090,RA,
1011,BY200190,BY,
1012,NY1051,NY,
1013,NY1050,NY,
1014,EH0978,EH,
1015,UK4582328108294,UK,
1016,OM13511,OM,
1017,LR10625,LR,
1018,DI34BEDT50,DI,
1019,BY200185,BY,
1020,ELFGS100151,EL,
1021,BA5055479042667,BA,
1022,BY200114,BY,
1023,ILSF03B,IL,
1024,OM19501,OM,
1025,BTV18301001,BT,
1026,MHENSP01,MH,
1027,DIFL1,DI,
1028,ELFGS100389,EL,
1029,DIB600,DI,
1030,BA5055479089167,BA,
1031,NE1203011,NE,
1032,DIFACELOTION,DI,
1033,LE463409,LE,
1034,NE1203012,NE,
1035,DIRHANDLOTION,DI,
1036,CU8050534796278,CU,
1037,EE50769,EE,
1038,CU8050534794458,CU,
1039,EE50877,EE,
1040,CU8050534794410,CU,
1041,RAAB0103,RA,
1042,EE00169,EE,
1043,BY100132,BY,
1044,NE1219014,NE,
1045,DIDUELLE100V1,DI,
1046,MHCDJ601,MH,
1047,DIGA1,DI,
1048,APAF16-BR,AP,
1049,BY200043,BY,
1050,BY200187,BY,
1051,ABSO0044,AB,
1052,MGFM13150,MG,
1053,DIFB1,DI,
1054,DIFL70V,DI,
1055,BA5055479087156,BA,
1056,CU8050534796315,CU,
1057,CU8050534795387,CU,
1058,ILMS07B,IL,
1059,ELFGS100278,EL,
1060,MHLPRT240,MH,
1061,DIHGRORCARB2,DI,
1062,LBLBMD038,LB,
1063,MHSRZBW01,MH,
1064,ABSO0042,AB,
1065,MHLOS853,MH,
1066,LR10641,LR,
1067,DIFB70V,DI,
1068,LR10308,LR,
1069,KESAVFLGE500,KE,
1070,NB31B209,NB,
1071,BY200071,BY,
1072,UK4582328108324,UK,
1073,CU8050534795325,CU,
1074,MHLD065,MH,
1075,CU8050534794298,CU,
1076,NE1219013,NE,
1077,DI34BEDP75,DI,
1078,DIAB70V,DI,
1079,RAAB0085,RA,
1080,BY200083,BY,
1081,ELFGS100224,EL,
1082,DIFI1,DI,
1083,OM16301,OM,
1084,SA105,SA,
1085,BY20020011,BY,
1086,OM17601,OM,
1087,BA5055479087439,BA,
1088,KESAVFEEU500,KE,
1089,EE50731,EE,
1090,ELFGS100230,EL,
1091,OM17801,OM,
1092,BY200058,BY,
1093,MHLD001,MH,
1094,LR10554,LR,
1095,MGBM20016,MG,
1096,APAD05-CA,AP,
1097,LR10553,LR,
1098,DIMG1,DI,
1099,CU8050534794694,CU,
1100,ILMS04B,IL,
1101,ILSF35B,IL,
1102,ILCLGL02B,IL,
1103,NB31C325,NB,
1104,NB31B219,NB,
1105,BA5055479089143,BA,
1106,BA5055479087422,BA,
1107,BY200014,BY,
1108,CV001,CV,
1109,UK03000006,UK,
1110,CU8050534794984,CU,
1111,NE1209025,NE,
1112,DIOLENE50V2,DI,
1113,CU8050534796391,CU,
1114,DIPA1,DI,
1115,ILMS01B,IL,
1116,BA5055479089136,BA,
1117,MHLPFT665,MH,
1118,DIOYEDO50V1,DI,
1119,KEBRUGIDO02,KE,
1120,DIFACEMASKV1,DI,
1121,UK4582328108232,UK,
1122,BY200082,BY,
1123,BY200066,BY,
1124,SA140,SA,
1125,BA5055479087965,BA,
1126,MHLM001,MH,
1127,LR10636,LR,
1128,APAD02-J,AP,
1129,MHCAD120,MH,
1130,OM11701,OM,
1131,BY200002,BY,
1132,LBLBMS039,LB,
1133,BY200085,BY,
1134,DIVGGV1,DI,
1135,BA5055479089150,BA,
1136,ILLL03B,IL,
1137,BY20640011,BY,
1138,CU8050534795790,CU,
1139,ILLL01B,IL,
1140,BY200070,BY,
1141,OM15401,OM,
1142,MHHM030,MH,
1143,UK03000007,UK,
1144,SA106,SA,
1145,NB31D352,NB,
1146,BY200009,BY,
1147,UN001,UN,
1148,DI34BRED220,DI,
1149,DING1,DI,
1150,BY200076,BY,
1151,NE1203010,NE,
1152,BY810008,BY,
1153,DIFIV2,DI,
1154,EE50151,EE,
1155,UK4582328104418,UK,
1156,NB31J304,NB,
1157,EE50822,EE,
1158,NB32A102,NB,
1159,CU8050534794830,CU,
1160,NB31A300,NB,
1161,GAGRA0372,GA,
1162,MHHIDBW01,MH,
1163,SA208,SA,
1164,DIDUELLE50V1,DI,
1165,CU8050534794496,CU,
1166,DISA1,DI,
1167,CU8050534795172,CU,
1168,BY806168,BY,
1169,UK4582328108263,UK,
1170,CU8050534795035,CU,
1171,CU8050534794588,CU,
1172,CU8050534796117,CU,
1173,ILEB03B,IL,
1174,BY20020015,BY,
1175,DICHOLDER4LV1,DI,
1176,SA176,SA,
1177,EE00267,EE,
1178,CRCC500,CR,
1179,MGHW203250,MG,
1180,BY806021,BY,
1181,BTV18100001,BT,
1182,DINO1,DI,
1183,DIHGFICARB2,DI,
1184,BA5055291731688,BA,
1185,LR10559,LR,
1186,LR10161,LR,
1187,MHLM065,MH,
1188,BY200175,BY,
1189,ABSO0038,AB,
1190,BY20020004,BY,
1191,BA5055479048935,BA,
1192,UK4582328108256,UK,
1193,BY200007,BY,
1194,ILEB02B,IL,
1195,NB31D348,NB,
1196,DIVOLUTEP75C,DI,
1197,MHPDS665,MH,
1198,NB31B216,NB,
1199,DIPHIBGEL,DI,
1200,DIBJ1,DI,
1201,EE50866,EE,
1202,CU8050534795349,CU,
1203,KEBRUSTLO02,KE,
1204,EE50764,EE,
1205,SA112,SA,
1206,BTV17110000,BT,
1207,NB31G208,NB,
1208,NY1000,NY,
1209,NE1212016,NE,
1210,BY100194,BY,
1211,ELFGS100349,EL,
1212,MHWAN851,MH,
1213,NB31C207,NB,
1214,ILTSSC03B,IL,
1215,BY20640009,BY,
1216,KEBOUBUCHFP,KE,
1217,CU8050534795028,CU,
1218,BTV18300001,BT,
1219,CU8050534794731,CU,
1220,ABSO1007,AB,
1221,LBLBMD008,LB,
1222,SA157,SA,
1223,KESPRORRH50,KE,
1224,BA5055479087972,BA,
1225,KEBOUSTLOFP,KE,
1226,BA5055479083841,BA,
1227,BY20640013,BY,
1228,MGCS61009,MG,
1229,NB31D331,NB,
1230,BY806243,BY,
1231,TOLT06021,TO,
1232,KEBOUJALUFP,KE,
1233,EE00225,EE,
1234,BY20640017,BY,
1235,SA115,SA,
1236,BY300046,BY,
1237,SA173,SA,
1238,DIHGGGCARB2,DI,
1239,DIOUDP75C,DI,
1240,MHSRZBC01,MH,
1241,DIVTB,DI,
1242,CU8050534795806,CU,
1243,ILCBLS05B,IL,
1244,DINO70V,DI,
1245,DIJA70V,DI,
1246,HIXMASSET,HI,
1247,LR11083,LR,
1248,DIHGFORCARB2,DI,
1249,BY806083,BY,
1250,DIVV,DI,
1251,BY100192,BY,
1252,ELFGS100227,EL,
1253,NB31D343,NB,
1254,BY807394,BY,
1255,JASP47MNBIA,JA,
1256,MHLPFT601,MH,
1257,ILLL02B,IL,
1258,NB31C321,NB,
1259,CU8050534795691,CU,
1260,LR11047,LR,
1261,BTV18300003,BT,
1262,10HPWARMERLBL,10,
1263,EL9350,EL,
1264,DIJA1,DI,
1265,NB31D338,NB,
1266,NB31C324,NB,
1267,BY806106,BY,
1268,OM14501,OM,
1269,BY200064,BY,
1270,SA205,SA,
1271,CU8050534794823,CU,
1272,GAGRA0355,GA,
1273,BY100256,BY,
1274,CU8050534795332,CU,
1275,BY200011,BY,
1276,BY100001,BY,
1277,EE50334,EE,
1278,LR10996,LR,
1279,BY806182,BY,
1280,SA108,SA,
1281,LR11017,LR,
1282,MHEN065,MH,
1283,BT1148310100,BT,
1284,NB31A163,NB,
1285,NB31D353,NB,
1286,BT2141650500,BT,
1287,UK4582328108577,UK,
1288,BT2141650600,BT,
1289,MHPS001,MH,
1290,EE00194,EE,
1291,DIVFI,DI,
1292,BY810005,BY,
1293,CRHL150,CR,
1294,BY100217,BY,
1295,NB31D412,NB,
1296,DIMV1,DI,
1297,EL1251,EL,
1298,SA109,SA,
1299,DILY1,DI,
1300,NY6882,NY,
1301,TOLT06152,TO,
1302,NY6070,NY,
1303,BY100227,BY,
1304,FOFCAN300OR,FO,
1305,MHPS002,MH,
1306,OK0006,OK,
1307,NE1201027,NE,
1308,DIB1500,DI,
1309,MHNAR110,MH,
1310,MHLOS803,MH,
1311,BY200069,BY,
1312,MHLPPL240,MH,
1313,CU8055965595049,CU,
1314,BT1148243000,BT,
1315,DIVAB,DI,
1316,EE50189,EE,
1317,RAAB0107,RA,
1318,DIOY1,DI,
1319,NB32A215,NB,
1320,TOLT06162,TO,
1321,HEGEN001,HE,
1322,BY200004,BY,
1323,DIBOHEP100V1,DI,
1324,BA5055479042650,BA,
1325,CU8050534795196,CU,
1326,ILCLGL01B,IL,
1327,NB31A173,NB,
1328,SJ-001,SJ,
1329,NB31D357,NB,
1330,DI34B1500,DI,
1331,BY100003,BY,
1332,KEBRUJALU02,KE,
1333,OT100001,OT,
1334,NY6890,NY,
1335,1B150148,1B,
1336,BY808672,BY,
1337,DICO1,DI,
1338,BT1141451200,BT,
1339,SA144,SA,
1340,DISA70V,DI,
1341,DICU1,DI,
1342,TOLT06115,TO,
1343,NY1024,NY,
1344,BT1148310400,BT,
1345,NB31A167,NB,
1346,SA201,SA,
1347,BY100247,BY,
1348,EL1248,EL,
1349,BA5055479089174,BA,
1350,BTV16108120,BT,
1351,FOFCAN300STAR,FO,
1352,DIVY1,DI,
1353,BTV16108110,BT,
1354,BTV18112010,BT,
1355,BTV18112040,BT,
1356,DITI1,DI,
1357,BTV19300002,BT,
1358,SJ-011,SJ,
1359,MHRV024,MH,
1360,BY807664,BY,
1361,CU8055965594943,CU,
1362,CU8055965594974,CU,
1363,CU8050534796087,CU,
1364,FOFSPHCRYFL,FO,
1365,OK0007,OK,
1366,CU8050534795769,CU,
1367,CU8050534796070,CU,
1368,DIMY1,DI,
1369,DIOU1,DI,
1370,LR11161,LR,
1371,DIMAGEP100V1,DI,
1372,CU8050534794304,CU,
1373,NB31A130,NB,
1374,MHVI001,MH,
1375,CRBROSSDE,CR,
1376,NB31A176,NB,
1377,BY806076,BY,
1378,NA006W,NA,
1379,BY20640015,BY,
1380,NB31C101,NB,
1381,CU8050534794465,CU,
1382,DIKIMOP100V1,DI,
1383,UK4582328108270,UK,
1384,CU8050534794700,CU,
1385,BY807370,BY,
1386,MHVER100,MH,
1387,SA111,SA,
1388,SA209,SA,
1389,DIBROOCHDOS,DI,
1390,ORIM008,OR,
1391,BTV16108060,BT,
1392,FOFCAN300DG,FO,
1393,FOFCAN300AS,FO,
1394,EE50818,EE,
1395,FOFCAN300LEC,FO,
1396,OM15301,OM,
1397,BY100219,BY,
1398,ELFGS100152,EL,
1399,TOLT06128,TO,
1400,TGTGC108,TG,
1401,LR10986,LR,
1402,DIVJG2,DI,
1403,CU8055965594905,CU,
1404,MHLIB201,MH,
1405,NB31A175,NB,
1406,DIBROOCHROS,DI,
1407,MHWAN801,MH,
1408,DIBROOCHFLE,DI,
1409,MHLPAF240,MH,
1410,CU8050534795394,CU,
1411,CU8050534795370,CU,
1412,DILENTE100V1,DI,
1413,LLJ0WC01,LL,
1414,DIHGGGRCARB2,DI,
1415,DIJG2,DI,
1416,SA127,SA,
1417,CU8050534794991,CU,
1418,ELFGS100213,EL,
1419,CU8050534794847,CU,
1420,DD4589604448068,DD,
1421,DIVA1,DI,
1422,LR10522,LR,
1423,CU8050534794748,CU,
1424,HIVALENTINESET,HI,
1425,CU8050534796148,CU,
1426,ILEB01B,IL,
1427,NB31C202,NB,
1428,DIBZ17SNUFRD,DI,
1429,NB31C206,NB,
1430,BTV19103002,BT,
1431,TOLT06101,TO,
1432,SA158,SA,
1433,BY100026,BY,
1434,BTV17105007,BT,
1435,BTV18103005,BT,
1436,BTV17111004,BT,
1437,SJ-021,SJ,
1438,BTV18300002,BT,
1439,BY100215,BY,
1440,BY806236,BY,
1441,DIMU1,DI,
1442,BTV18130009,BT,
1443,BY20020016,BY,
1444,BY20020010,BY,
1445,BTV18112025,BT,
1446,BTV18140005,BT,
1447,BY20020003,BY,
1448,BTV18130010,BT,
1449,TOLT06011,TO,
1450,BY100221,BY,
1451,MHDANC003,MH,
1452,MHLPTV240,MH,
1453,KEBRUMEPR02,KE,
1454,UK4582328104401,UK,
1455,NB31D325,NB,
1456,KEBRUBUCH02,KE,
1457,DIVFL,DI,
1458,ILTSSC25B,IL,
1459,BT2141650400,BT,
1460,BY600,BY,
1461,BTV16300003,BT,
1462,BY200019,BY,
1463,BY200020,BY,
1464,BY200089,BY,
1465,BY100030,BY,
1466,CU8050534796285,CU,
1467,MHMOS130,MH,
1468,CU8050534797701,CU,
1469,BY20640019,BY,
1470,LLJ1X301,LL,
1471,BY20020006,BY,
1472,MHLPRN240,MH,
1473,CU8055965594912,CU,
1474,CU8055965594929,CU,
1475,BY200060,BY,
1476,CU8055965595056,CU,
1477,DIBZ19SNUFR,DI,
1478,MHEN001,MH,
1479,NB31A161,NB,
1480,BY806229,BY,
1481,CU8050534796230,CU,
1482,NB31D347,NB,
1483,CU8050534796162,CU,
1484,CU8050534795738,CU,
1485,DIBROOCHCAPIT,DI,
1486,BY100240,BY,
1487,NB32A213,NB,
1488,LR11018,LR,
1489,YOSHII003G,YO,
1490,DIFACECREAM1,DI,
1491,DICN1,DI,
1492,YOSHII002R,YO,
1493,10HPWARMERS,10,
1494,NB31D345,NB,
1495,CU8050534796100,CU,
1496,DIEU1,DI,
1497,CU8050534796063,CU,
1498,DIFACEBALM1,DI,
1499,NB31B223,NB,
1500,SJ-017,SJ,
1501,ORIM029,OR,
1502,FOFCAN1000OR,FO,
1503,OT100009,OT,
1504,OT100037,OT,
1505,BA5055479087415,BA,
1506,FOFCAN300FDL,FO,
1507,FOFCAN300MUS,FO,
1508,FOFCAN300NU,FO,
1509,DIFC1,DI,
1510,EE00231,EE,
1511,LLJ07F01,LL,
1512,NY6071,NY,
1513,DIOPOP100V1,DI,
1514,DIOX1,DI,
1515,SA202,SA,
1516,SJ-016,SJ,
1517,SJ-012,SJ,
1518,EL9470,EL,
1519,DIVFB,DI,
1520,NY6891,NY,
1521,EE00269,EE,
1522,BY100028,BY,
1523,FOFDSPHRO,FO,
1524,DISET10EDT,DI,
1525,FOFREFINC80FL,FO,
1526,FOFDSPHSABIANCO,FO,
1527,DITAMDAO7.5,DI,
1528,DIFB15001,DI,
1529,BT6141001010,BT,
1530,SJ-015,SJ,
1531,BTV16108030,BT,
1532,TGTGC105,TG,
1533,ILCBLS11B,IL,
1534,RAAB0108,RA,
1535,FOFCAN300ULN,FO,
1536,FOFCAN300REGG,FO,
1537,BT1148370200,BT,
1538,BTV16108170,BT,
1539,OM11621,OM,
1540,CU8050534795097,CU,
1541,CU8050534797275,CU,
1542,CU8050534796247,CU,
1543,BY200191,BY,
1544,BY20020001,BY,
1545,BY20020014,BY,
1546,BY806274,BY,
1547,CU8050534795042,CU,
1548,BY805789,BY,
1549,BY806007,BY,
1550,BYS145LCC3BL2P,BY,
1551,BY809251,BY,
1552,BY200084,BY,
1553,DIBROOCHROSR,DI,
1554,BTV18140002,BT,
1555,BY100245,BY,
1556,BY100198,BY,
1557,BTV18140004,BT,
1558,CU8050534797671,CU,
1559,BTV18140001,BT,
1560,CU8055965594875,CU,
1561,BTV17111005,BT,
1562,CU8050534796179,CU,
1563,BTV18130005,BT,
1564,BTV18130006,BT,
1565,EE00273,EE,
1566,BTV16300013,BT,
1567,BTV16108080,BT,
1568,BTV18130004,BT,
1569,BTV16108090,BT,
1570,BTV18130003,BT,
1571,BTV18112050,BT,
1572,CU8055965594981,CU,
1573,BTV17111008,BT,
1574,DIVA70V,DI,
1575,BTV16300004,BT,
1576,ORIM028,OR,
1577,BTV18140008,BT,
1578,YOSHII005R,YO,
1579,BTV18140003,BT,
1580,DIBROOCHDOSR,DI,
1581,DIAU1,DI,
1582,DITB1500,DI,
1583,BY200056,BY,
1584,DISOC,DI,
1585,FOFDSPHLCN,FO,
1586,MHAR601,MH,
1587,UK4582328104425,UK,
1588,LLJ0LM01,LL,
1589,LLJ2TT01,LL,
1590,LR10558,LR,
1591,FOFCAN300SI,FO,
1592,FOFCAN300PAC,FO,
1593,NB31A234,NB,
1594,ELFGS100312,EL,
1595,OM15501,OM,
1596,ELFGS100229,EL,
1597,YOSHII003B,YO,
1598,BT1141900000,BT,
1599,BT1141902100,BT,
1600,BT1148370300,BT,
1601,BT1148370400,BT,
1602,BT2141660100,BT,
1603,FOFCAN300BC,FO,
1604,FOFCAN300COR,FO,
1605,FOFCAN300FL,FO,
1606,FOFCAN300MET,FO,
1607,BTV19103003,BT,
1608,FOFCAN300BUG,FO,
1609,FOFDSPHAP,FO,
1610,EL1310,EL,
1611,FOFINC80OR,FO,
1612,DIEAU100V1,DI,
1613,BTV19300001,BT,
1614,TGTGC202,TG,
1615,TGTGC201,TG,
1616,TGTGC102,TG,
1617,NB31B403,NB,
1618,TGTGC041,TG,
1619,SJ-002,SJ,
1620,DIMS1,DI,
1621,DII1,DI,
1622,DIFI15001,DI,
1623,DIPM1,DI,
1624,FOFREFINC80,FO,
1625,MHPV002,MH,
1626,DICR1,DI,
1627,BY100197,BY,
1628,BTV16108040,BT,
1629,BY100167,BY,
1630,NB31A307,NB,
1631,BY807661,BY,
1632,MHPDS601,MH,
1633,NB31A227,NB,
1634,SJ-014,SJ,
1635,FOFINC80PSNERO,FO,
1636,FOFCAN300FO,FO,
1637,FOFCAN300REG,FO,
1638,BTV18140006,BT,
1639,FOFINC80PT,FO,
1640,BTV18140007,BT,
1641,TGTGC402,TG,
1642,BTV18140009,BT,
1643,FOFDSO500FL,FO,
1644,FOFDSO500OT,FO,
1645,BTV18140013,BT,
1646,BTV18140014,BT,
1647,PLANTIA005D,PL,
1648,FOFCAN300SC,FO,
1649,TGTGC042,TG,
1650,DIPATCHOMB,DI,
1651,FOFCAN300AN,FO,
1652,FOFCAN300APV,FO,
1653,YOSHII005B,YO,
1654,TGTGC101,TG,
1655,HOPEKITB,HO,
1656,HOEPKITA,HO,
1657,TGTGC109,TG,
1658,TGTGC110,TG,
1659,BTV18112070,BT,
1660,TGTGC205,TG,
1661,TGTGC401,TG,
1662,RAAB0024,RA,
1663,DIT1,DI,
1664,LLJ0TF01,LL,
1665,TGTGC405,TG,
1666,LLJ1E101,LL,
1667,LLJ0HY01,LL,
1668,LLJ0R601,LL,
1669,LLJ1CN01,LL,
1670,LLJ1CP01,LL,
1671,LLJ1CT01,LL,
1672,LLJ1CX01,LL,
1673,LLJ1E201,LL,
1674,LLJ0G901,LL,
1675,LLJ1KP01,LL,
1676,DIO1,DI,
1677,DIMQ1,DI,
1678,NY6881,NY,
1679,FOFCAN1000LEC,FO,
1680,BTV17111001,BT,
1681,LLJ0HW01,LL,
1682,LLJ0E901,LL,
1683,FOFINC80SC,FO,
1684,BTV18103006,BT,
1685,BTV19103001,BT,
1686,FOFSPHCRYOT,FO,
1687,BTV19103004,BT,
1688,FOFCAN300COM,FO,
1689,OK0001,OK,
1690,BTV18130002,BT,
1691,FOFCAN1000MET,FO,
1692,LLJ0A201,LL,
1693,LLJ0LL01,LL,
1694,LLJ03601,LL,
1695,BT6141001030,BT,
1696,LLJ08T01,LL,
1697,LLJ09F01,LL,
1698,LLJ09G01,LL,
1699,OT100023,OT,
1700,LLJ29T01,LL,
1701,BT1148400100,BT,
1702,DIBZ18SNUFBA,DI,
1703,DIBZ19STANDB,DI,
1704,BY100249,BY,
1705,DIBZHOLDBASIL,DI,
1706,LR11164,LR,
1707,DIC1,DI,
1708,DIDUELLE7.5,DI,
1709,LLJ2JM01,LL,
1710,BTV16300005,BT,
1711,BY100225,BY,
1712,LLJ2K401,LL,
1713,BY100165,BY,
1714,DICHOLDER4V1,DI,
1715,BT1141451100,BT,
1716,LLJ2L501R000,LL,
1717,MHPV001,MH,
1718,DIBZ18STANDBA,DI,
1719,BT1141890000,BT,
1720,BT1141880000,BT,
1721,BT1141870000,BT,
1722,BT1141860000,BT,
1723,CU8055965595063,CU,
1724,BT1141581200,BT,
1725,MHFORTRIO875,MH,
1726,MHCEF024,MH,
1727,BY200018,BY,
1728,BY200016,BY,
1729,BT1141671200,BT,
1730,BY100124,BY,
1731,BT1141600800,BT,
1732,DIBC1,DI,
1733,YOSHII002B,YO,
1734,DIBZ19SNUFB,DI,
1735,CU8050534797688,CU,
1736,LLJ20T01,LL,
1737,BTV16108100,BT,
1738,ORIM022W,OR,
1739,BY20020007,BY,
1740,EE50138,EE,
1741,BY20020002,BY,
1742,BT1148310500,BT,
1743,BT2141650100,BT,
1744,BTV16108130,BT,
1745,BY200163,BY,
1746,BY200161,BY,
1747,NB31A309,NB,
1748,BY200127,BY,
1749,BTV16108230,BT,
1750,CU8050534797718,CU,
1751,BY200118,BY,
1752,NA005B,NA,
1753,BY806175,BY,
1754,BT2141650300,BT,
1755,BT2141651500,BT,
1756,BTV16108070,BT,
1757,RE4536,RE,
1758,BT1148310300,BT,
1759,CRBROSSVO,CR,
1760,BY806151,BY,
1761,CRBROSSRO10,CR,
1762,BT2141710100,BT,
1763,ORIM021G,OR,
1764,BY808675,BY,
1765,BT6141001020,BT,
1766,CU8050534794502,CU,
1767,DIHGFIRCARB2,DI,
1768,CU8050534794427,CU,
1769,BT1141451400,BT,
1770,LLJ0KP01,LL,
1771,GAGRA0370,GA,
1772,CU8050534794946,CU,
1773,DISOLIDEPHIL1,DI,
1774,LLJ1J701,LL,
1775,DIPHIBLOTION,DI,
1776,LLJ1CW01,LL,
1777,BT1141581300,BT,
1778,LLJ03T01,LL,
